# source: rules_data/build_rule_field_map.py over rules_data/carrier_rules_pilot_v5.csv (pilot workbook version 5); built 2026-10-07 (round 28: SAG-001, one flaw per fact). Grammar: rules_data/RULE_FIELD_MAP.md.
row_id,field,test,gate,outcome_if_fail,open_fact,map_note
ALL-001,occupancy_type,always,occupancy_type == Owner Occupied,DECLINES,,Owner Occupied = primary residence
ALL-002,occupancy_type,"FACT(3+ months a year, no rental exposure)","occupancy_type in {Seasonal, Secondary Home}",CONDITION,months occupied; rentals,
ALL-004,occupancy_type,"occupancy_type in {Owner Occupied, Seasonal, Secondary Home}",always,DECLINES,,
ALL-005,occupancy_type,"occupancy_type not in {Tenant Occupied, Vacant}",always,DECLINES,,
ALL-006,occupancy_type,occupancy_type != Vacant,always,DECLINES,,
ALL-007,occupancy_type,occupancy_type != Vacant,always,DECLINES,,
ALL-008,occupancy_type,occupancy_type != Tenant Occupied,always,DECLINES,,
ALL-009,occupancy_type,occupancy_type != Tenant Occupied,always,DECLINES,,a rented other structure is not asked
ALL-010,occupancy_type,FACT(no rental exposure),"occupancy_type in {Seasonal, Secondary Home}",DECLINES,rentals,
ALL-011,NONE,,,CONDITION,,the form has no field for this
ALL-012,NONE,,,CONDITION,,the form has no field for this
ALL-013,NONE,,,DECLINES,,the form has no field for this
ALL-014,NONE,,,DECLINES,,the form has no field for this
ALL-015,ownership_type,FACT(grantor resides and is the named insured),ownership_type == Trust,CONDITION,trust grantor,
ALL-016,ownership_type,ownership_type != Trust,always,REFERS_TO_UW,,trust: submit documents (REFER)
ALL-017,ownership_type,ownership_type != LLC,always,DECLINES,,
ALL-018,NONE,,,DECLINES,,the form has no field for this
ALL-019,dwelling_type,"dwelling_type in {House, Townhome}",always,CONDITION,,
ALL-020,dwelling_type,"dwelling_type in {House, Townhome}",always,DECLINES,,multi-family is not asked
ALL-021,construction_type,construction_type != Manufactured/Mobile,always,DECLINES,,modular/kit not on the form
ALL-022,NONE,,,DECLINES,,the form has no field for this
ALL-023,NONE,,,DECLINES,,the form has no field for this
ALL-024,NONE,,,DECLINES,,the form has no field for this
ALL-025,NONE,,,DECLINES,,the form has no field for this
ALL-026,dwelling_type,FACT(2-hour firewalls between units),dwelling_type == Townhome,CONDITION,firewalls,
ALL-028,year_built,"FACT(electrical, heating/AC and plumbing updated)",home_age between 40 and 75,NOTE,system updates,cure is a service inspection -> NOTE
ALL-029,year_built,"FACT(completely renovated, all updates)",home_age >= 76,CONDITION,renovation,
ALL-031,year_built,FACT(updates under 20 years old),home_age >= 76,CONDITION,update ages,
ALL-034,roof_age,FACT(5+ years of useful life left),roof_age >= 15,DECLINES,remaining roof life,"assumption: no covering on the form ends its life before 20 years, so a roof under 15 is N/A"
ALL-036,NONE,,,DECLINES,,the form has no field for this
ALL-037,roof_type,"roof_type not in {Slate, Wood Shake} || roof_type not in {Slate, Wood Shake, Metal, Flat/Built-Up}",always,DECLINES,,"AMBIGUOUS: Metal may be tin/corrugated/copper; Flat/Built-Up may be tar and gravel, rubber, rolled"
ALL-038,roof_shape;roof_type,FACT(poured reinforced concrete),(roof_shape == Flat or roof_type == Flat/Built-Up),DECLINES,flat roof material,
ALL-039,NONE,,,DECLINES,,the form has no field for this
ALL-040,NONE,,,DECLINES,,the form has no field for this
ALL-041,NONE,,,DECLINES,,the form has no field for this
ALL-042,roof_type,roof_type != Slate,always,DECLINES,,solar panel tiles: see ALL-110
ALL-046,NONE,,,CONDITION,,the form has no field for this
ALL-050,NONE,,,DECLINES,,siding / construction details are not form options
ALL-052,NONE,,,DECLINES,,siding / construction details are not form options
ALL-053,NONE,,,DECLINES,,siding / construction details are not form options
ALL-054,NONE,,,DECLINES,,siding / construction details are not form options
ALL-055,NONE,,,DECLINES,,siding / construction details are not form options
ALL-057,plumbing_type;year_built,"plumbing_type not in {Galvanized, Polybutylene} || plumbing_type not in {Galvanized, Polybutylene} and (plumbing_type != PEX or year_built >= 2011)",always,DECLINES,,AMBIGUOUS only for PEX in a home built before 2011 (install year unknown); lead/cast iron not on the form
ALL-058,plumbing_type;year_built,"plumbing_type not in {Galvanized, Polybutylene} || plumbing_type not in {Galvanized, Polybutylene} and (plumbing_type != PEX or year_built >= 2011)",home_age between 40 and 75,NOTE,,cure is a service inspection -> NOTE
ALL-060,plumbing_type;year_built,"plumbing_type not in {Galvanized, Polybutylene} || plumbing_type not in {Galvanized, Polybutylene} and (plumbing_type != PEX or year_built >= 2011)",home_age >= 76,NOTE,,cure is a service inspection -> NOTE
ALL-062,NONE,,,DECLINES,,wiring and panels are not asked
ALL-063,NONE,,,DECLINES,,wiring and panels are not asked
ALL-064,NONE,,,DECLINES,,wiring and panels are not asked
ALL-065,year_built,FACT(service panel updated or under 40 years old),home_age between 40 and 75,DECLINES,panel age,
ALL-066,year_built,FACT(breakers updated and under 40 years old),home_age between 40 and 75,DECLINES,breaker age,
ALL-068,year_built,FACT(completely re-wired),home_age >= 76,CONDITION,re-wiring,
ALL-070,NONE,,,DECLINES,,"heating, cooling and water heater are not asked"
ALL-071,NONE,,,NOTE,,"heating, cooling and water heater are not asked"
ALL-072,NONE,,,DECLINES,,"heating, cooling and water heater are not asked"
ALL-074,year_built,"FACT(furnace under 40, heat pump/AC under 25)",home_age >= 76,NOTE,system ages,cure is a service inspection -> NOTE
ALL-075,NONE,,,DECLINES,,"heating, cooling and water heater are not asked"
ALL-076,NONE,,,DECLINES,,"heating, cooling and water heater are not asked"
ALL-077,NONE,,,DECLINES,,"heating, cooling and water heater are not asked"
ALL-078,NONE,,,DECLINES,,"heating, cooling and water heater are not asked"
ALL-079,NONE,,,DECLINES,,"heating, cooling and water heater are not asked"
ALL-080,NONE,,,DECLINES,,"heating, cooling and water heater are not asked"
ALL-081,NONE,,,REFERS_TO_UW,,"heating, cooling and water heater are not asked"
ALL-085,NONE,,,DECLINES,,foundation is not asked
ALL-087,NONE,,,REFERS_TO_UW,,foundation is not asked
ALL-091,NONE,,,DECLINES,,foundation is not asked
ALL-092,NONE,,,DECLINES,,foundation is not asked
ALL-093,swimming_pool;pool_fence_4ft;pool_gate_locking,pool_fence_4ft == True and pool_gate_locking == True,swimming_pool != No Pool,CONDITION,fence 4 ft; locking gate,approved alternate enclosure also cures
ALL-094,swimming_pool;pool_fence_4ft;pool_gate_locking,"swimming_pool not in {Above Ground - Unfenced, In Ground - Unfenced} and pool_fence_4ft == True and pool_gate_locking == True",swimming_pool != No Pool,DECLINES,fence 4 ft; locking gate,
ALL-095,NONE,,,CONDITION,,the form has no field for this
ALL-098,NONE,,,DECLINES,,liability hazards are not asked
ALL-099,NONE,,,DECLINES,,liability hazards are not asked
ALL-102,has_dogs,FACT(no dangerous propensities),has_dogs == Yes,DECLINES,dog history,other animals not asked
ALL-103,has_dogs,FACT(no bite history),has_dogs == Yes,DECLINES,bite history,
ALL-104,NONE,,,DECLINES,,the form has no field for this
ALL-105,NONE,,,DECLINES,,the form has no field for this
ALL-106,has_dogs;aggressive_breed,always || aggressive_breed == No,has_dogs == Yes,DECLINES,,"AMBIGUOUS when aggressive_breed is Yes; No is read as PASS although Allied lists breeds the form's list lacks (Malamute, Bull Mastiff, Great Dane, Husky)"
ALL-107,has_dogs;aggressive_breed,always || aggressive_breed == No,has_dogs == Yes,DECLINES,,as ALL-106
ALL-108,NONE,,,DECLINES,,the form has no field for this
ALL-109,solar_panels,always || solar_panels == No,solar_panels == Yes,DECLINES,,AMBIGUOUS: the form's Solar Panels does not say mounted panels or a solar roof system
ALL-110,solar_panels,always || solar_panels == No,solar_panels == Yes,DECLINES,,AMBIGUOUS: solar tiles
ALL-112,ppc,ppc_num between 1 and 10,always,DECLINES,,class 10 is decided by ALL-113 (its exception)
ALL-113,ppc;year_built,home_age <= 3 and FACT(Protected Subdivision Rule),ppc_num == 10,DECLINES,Protected Subdivision Rule,
ALL-115,NONE,,,DECLINES,,location detail beyond county / tier is not asked
ALL-116,NONE,,,DECLINES,,location detail beyond county / tier is not asked
ALL-117,NONE,,,REFERS_TO_UW,,location detail beyond county / tier is not asked
ALL-118,NONE,,,DECLINES,,location detail beyond county / tier is not asked
ALL-119,NONE,,,DECLINES,,location detail beyond county / tier is not asked
ALL-120,NONE,,,DECLINES,,location detail beyond county / tier is not asked
ALL-121,NONE,,,DECLINES,,location detail beyond county / tier is not asked
ALL-122,NONE,,,DECLINES,,location detail beyond county / tier is not asked
ALL-123,NONE,,,DECLINES,,location detail beyond county / tier is not asked
ALL-124,NONE,,,DECLINES,,location detail beyond county / tier is not asked
ALL-126,NONE,,,DECLINES,,location detail beyond county / tier is not asked
ALL-127,NONE,,,DECLINES,,location detail beyond county / tier is not asked
ALL-128,NONE,,,DECLINES,,location detail beyond county / tier is not asked
ALL-129,NONE,,,DECLINES,,location detail beyond county / tier is not asked
ALL-133,dwelling_amount,dwelling_amount >= 200000,always,DECLINES,,
ALL-134,dwelling_amount,dwelling_amount <= 1250000,always,REFERS_TO_UW,,
ALL-135,NONE,,,DECLINES,,the form has no field for this
ALL-136,NONE,,,CONDITION,,the form has no field for this
ALL-142,NONE,,,DECLINES,,loss / claims history is not asked
ALL-143,NONE,,,DECLINES,,loss / claims history is not asked
ALL-144,NONE,,,DECLINES,,loss / claims history is not asked
ALL-145,NONE,,,REFERS_TO_UW,,loss / claims history is not asked
ALL-146,NONE,,,REFERS_TO_UW,,loss / claims history is not asked
ALL-147,NONE,,,REFERS_TO_UW,,loss / claims history is not asked
ALL-148,NONE,,,REFERS_TO_UW,,loss / claims history is not asked
ALL-150,NONE,,,REFERS_TO_UW,,loss / claims history is not asked
ALL-151,NONE,,,REFERS_TO_UW,,loss / claims history is not asked
ALL-152,NONE,,,REFERS_TO_UW,,loss / claims history is not asked
ALL-153,NONE,,,REFERS_TO_UW,,loss / claims history is not asked
ALL-154,NONE,,,DECLINES,,loss / claims history is not asked
ALL-155,NONE,,,CONDITION,,loss / claims history is not asked
ALL-157,NONE,,,CONDITION,,acreage is not asked
ALL-158,NONE,,,CONDITION,,acreage is not asked
ALL-159,NONE,,,CONDITION,,acreage is not asked
ALL-160,NONE,,,CONDITION,,acreage is not asked
ALL-161,NONE,,,CONDITION,,acreage is not asked
ALL-162,NONE,,,CONDITION,,acreage is not asked
ALL-163,NONE,,,CONDITION,,acreage is not asked
ALL-164,NONE,,,CONDITION,,acreage is not asked
ALL-167,NONE,,,REFERS_TO_UW,,acreage is not asked
ALL-168,NONE,,,UNKNOWN,,acreage is not asked
ALL-169,NONE,,,CONDITION,,flood zone is not asked
ALL-178,NONE,,,REFERS_TO_UW,,the form has no field for this
ALL-184,NONE,,,DECLINES,,not asked by the form
ALL-185,NONE,,,DECLINES,,not asked by the form
ALL-186,NONE,,,DECLINES,,not asked by the form
ALL-187,NONE,,,DECLINES,,not asked by the form
ALL-188,NONE,,,CONDITION,,not asked by the form
ALL-189,NONE,,,DECLINES,,not asked by the form
ALL-190,NONE,,,DECLINES,,not asked by the form
ALL-191,NONE,,,DECLINES,,not asked by the form
ALL-192,NONE,,,DECLINES,,not asked by the form
ALL-195,NONE,,,DECLINES,,not asked by the form
ALL-200,NONE,,,DECLINES,,not asked by the form
ALL-201,NONE,,,DECLINES,,not asked by the form
ALL-202,NONE,,,DECLINES,,not asked by the form
ALL-203,NONE,,,DECLINES,,not asked by the form
ALL-204,NONE,,,DECLINES,,not asked by the form
ALL-205,NONE,,,DECLINES,,not asked by the form
ALL-206,NONE,,,CONDITION,,not asked by the form
ALL-208,NONE,,,DECLINES,,not asked by the form
ALL-209,NONE,,,CONDITION,,not asked by the form
ALL-213,NONE,,,REFERS_TO_UW,,not asked by the form
ALL-214,NONE,,,CONDITION,,not asked by the form
SAG-001,occupancy_type,occupancy_type != Tenant Occupied,always,DECLINES,,"owner occupied = primary, seasonal or secondary residence; Vacant is decided by SAG-005"
SAG-002,occupancy_type,always,always,DECLINES,,decided by SAG-005 (the same rule); never a second flaw
SAG-003,occupancy_type;dwelling_type,dwelling_type == House,"occupancy_type in {Seasonal, Secondary Home}",DECLINES,,
SAG-004,occupancy_type,FACT(checked monthly while away),"occupancy_type in {Seasonal, Secondary Home}",CONDITION,monthly checks,
SAG-005,occupancy_type,occupancy_type != Vacant,always,DECLINES,,for sale is not asked
SAG-006,NONE,,,REFERS_TO_UW,,the form has no field for this
SAG-007,NONE,,,REFERS_TO_UW,,the form has no field for this
SAG-008,NONE,,,DECLINES,,the form has no field for this
SAG-009,NONE,,,DECLINES,,the form has no field for this
SAG-010,NONE,,,DECLINES,,the form has no field for this
SAG-011,NONE,,,CONDITION,,the form has no field for this
SAG-012,NONE,,,DECLINES,,the form has no field for this
SAG-013,NONE,,,DECLINES,,the form has no field for this
SAG-014,NONE,,,DECLINES,,the form has no field for this
SAG-015,NONE,,,CONDITION,,the form has no field for this
SAG-017,ownership_type,ownership_type != LLC,always,DECLINES,,
SAG-018,NONE,,,DECLINES,,the form has no field for this
SAG-019,ownership_type;occupancy_type,"occupancy_type in {Owner Occupied, Seasonal, Secondary Home}",ownership_type == Trust,CONDITION,,as the Sage sister guides' trust-occupancy rows
SAG-020,NONE,,,DECLINES,,the form has no field for this
SAG-021,construction_type,construction_type != Manufactured/Mobile,always,DECLINES,,
SAG-022,NONE,,,CONDITION,,the form has no field for this
SAG-023,NONE,,,DECLINES,,the form has no field for this
SAG-026,year_built;occupancy_type,FACT(signed lead exclusion acknowledgement),occupancy_type == Tenant Occupied and year_built < 1980,CONDITION,signed acknowledgement,
SAG-030,NONE,,,DECLINES,,the form has no field for this
SAG-032,roof_shape;roof_type,"FACT(no prior roof wind/water loss, or fully renovated)",(roof_shape == Flat or roof_type == Flat/Built-Up),REFERS_TO_UW,prior roof loss; renovation,
SAG-033,roof_type,"FACT(steel, 29 gauge or heavier)",roof_type == Metal,DECLINES,metal roof gauge,
SAG-034,NONE,,,DECLINES,,the form has no field for this
SAG-035,NONE,,,DECLINES,,the form has no field for this
SAG-037,NONE,,,DECLINES,,siding / construction details are not form options
SAG-038,NONE,,,DECLINES,,siding / construction details are not form options
SAG-039,NONE,,,REFERS_TO_UW,,siding / construction details are not form options
SAG-040,NONE,,,NOTE,,siding / construction details are not form options
SAG-041,NONE,,,CONDITION,,siding / construction details are not form options
SAG-042,plumbing_type,plumbing_type != Polybutylene,always,DECLINES,,
SAG-044,NONE,,,DECLINES,,wiring and panels are not asked
SAG-045,NONE,,,DECLINES,,wiring and panels are not asked
SAG-046,NONE,,,DECLINES,,wiring and panels are not asked
SAG-047,NONE,,,DECLINES,,"heating, cooling and water heater are not asked"
SAG-048,NONE,,,NOTE,,"heating, cooling and water heater are not asked"
SAG-049,NONE,,,DECLINES,,"heating, cooling and water heater are not asked"
SAG-052,NONE,,,DECLINES,,foundation is not asked
SAG-053,NONE,,,DECLINES,,foundation is not asked
SAG-055,swimming_pool;pool_fence_4ft;pool_gate_locking,swimming_pool != In Ground - Unfenced and pool_fence_4ft == True and pool_gate_locking == True,"swimming_pool in {In Ground - Fenced, In Ground - Unfenced}",DECLINES,fence 4 ft; gate,
SAG-056,swimming_pool;pool_fence_4ft;pool_gate_locking,pool_fence_4ft == True and pool_gate_locking == True,"swimming_pool in {Above Ground - Fenced, Above Ground - Unfenced}",DECLINES,fence 4 ft; gate,a pool wall of 4 ft or more is not asked; read as needing the fence
SAG-057,NONE,,,DECLINES,,the form has no field for this
SAG-058,NONE,,,DECLINES,,the form has no field for this
SAG-059,NONE,,,DECLINES,,the form has no field for this
SAG-060,pool_accessories,FACT(signed acknowledgement of the slide/diving board exclusion),pool_accessories != None,CONDITION,signed acknowledgement,
SAG-061,NONE,,,DECLINES,,the form has no field for this
SAG-063,NONE,,,CONDITION,,liability hazards are not asked
SAG-064,NONE,,,DECLINES,,liability hazards are not asked
SAG-065,NONE,,,DECLINES,,liability hazards are not asked
SAG-066,NONE,,,CONDITION,,liability hazards are not asked
SAG-067,has_dogs;aggressive_breed,always || aggressive_breed == No,has_dogs == Yes,CONDITION,,a signed acknowledgement cures
SAG-068,has_dogs,FACT(no bite history),has_dogs == Yes,CONDITION,bite history,
SAG-069,NONE,,,CONDITION,,the form has no field for this
SAG-070,NONE,,,CONDITION,,the form has no field for this
SAG-073,ppc;fire_station_miles;hydrant_1000ft,"FACT(visible from road, central station alarm, 10-ft year-round access)",ppc_num between 1 and 3 and fire_station_miles <= 5 and hydrant_1000ft == No,CONDITION,"station / hydrant distance if not given; visibility, alarm, access",the FPC table row is chosen by station distance and hydrant
SAG-074,ppc;fire_station_miles,"FACT(visible from road, central station alarm, 10-ft year-round access)",ppc_num between 1 and 3 and fire_station_miles > 5,CONDITION,"station distance if not given; visibility, alarm, access",
SAG-075,ppc;year_built;occupancy_type;fire_station_miles;hydrant_1000ft,"home_age < 25 and occupancy_type == Owner Occupied and FACT(visible from road, central alarm, 10-ft access, no rentals, no prior fire loss)",ppc_num between 4 and 10 and fire_station_miles <= 5 and hydrant_1000ft == No,CONDITION,"station / hydrant distance if not given; visibility, alarm, access, fire losses",
SAG-076,ppc;year_built;occupancy_type;fire_station_miles,"home_age < 25 and occupancy_type == Owner Occupied and FACT(visible from road, central alarm, 10-ft access, no rentals, no prior fire loss)",ppc_num between 4 and 8 and fire_station_miles > 5,CONDITION,"station distance if not given; visibility, alarm, access, fire losses",
SAG-077,ppc;fire_station_miles,fire_station_miles <= 5,ppc_num >= 9,DECLINES,station distance,
SAG-078,year_built;ppc;fire_station_miles;hydrant_1000ft,home_age < 25,(ppc_num between 4 and 8 and (hydrant_1000ft == No or fire_station_miles > 5)) or (ppc_num between 9 and 10 and hydrant_1000ft == No and fire_station_miles <= 5),CONDITION,station / hydrant distance if not given,
SAG-079,NONE,,,CONDITION,,the form has no field for this
SAG-080,NONE,,,CONDITION,,loss / claims history is not asked
SAG-081,county,sage_territory == IN or county == Nueces,always,DECLINES,,south of 31 N or the eight East Texas counties; Nueces is decided by SAG-082
SAG-082,county,county != Nueces,always,DECLINES,,
SAG-083,county,always,always,DECLINES,,decided by SAG-081 (the same rule); never a second flaw
SAG-084,NONE,,,DECLINES,,location detail beyond county / tier is not asked
SAG-085,NONE,,,DECLINES,,location detail beyond county / tier is not asked
SAG-086,NONE,,,DECLINES,,location detail beyond county / tier is not asked
SAG-087,NONE,,,DECLINES,,location detail beyond county / tier is not asked
SAG-088,coastal_tier,FACT(not an extreme hazard location),coastal_tier == Tier 1,DECLINES,distance to shoreline,the form's tiers are not the guide's tiers
SAG-089,coastal_tier,FACT(not within the shoreline distances),"coastal_tier in {Tier 1, Tier 2, Tier 3}",DECLINES,distance to shoreline,
SAG-096,dwelling_amount,dwelling_amount <= 1000000,always,DECLINES,,
SAG-098,dwelling_amount,dwelling_amount >= 85000,always,REFERS_TO_UW,,
SAG-099,NONE,,,CONDITION,,the form has no field for this
SAG-112,NONE,,,DECLINES,,loss / claims history is not asked
SAG-113,NONE,,,DECLINES,,loss / claims history is not asked
SAG-114,NONE,,,NOTE,,loss / claims history is not asked
SAG-115,NONE,,,NOTE,,loss / claims history is not asked
SAG-116,NONE,,,CONDITION,,loss / claims history is not asked
SAG-117,NONE,,,REFERS_TO_UW,,loss / claims history is not asked
SAG-119,NONE,,,DECLINES,,loss / claims history is not asked
SAG-121,NONE,,,DECLINES,,acreage is not asked
SAG-122,NONE,,,REFERS_TO_UW,,acreage is not asked
SAG-123,NONE,,,CONDITION,,flood zone is not asked
SAG-130,NONE,,,DECLINES,,product / binding status is not a property fact
SAG-131,NONE,,,DECLINES,,product / binding status is not a property fact
SAG-132,NONE,,,DECLINES,,not asked by the form
SAG-133,NONE,,,DECLINES,,not asked by the form
SAG-134,NONE,,,DECLINES,,not asked by the form
SAG-135,NONE,,,DECLINES,,not asked by the form
SAG-136,NONE,,,REFERS_TO_UW,,not asked by the form
SAG-139,NONE,,,DECLINES,,not asked by the form
SAG-140,NONE,,,CONDITION,,not asked by the form
SAG-141,NONE,,,CONDITION,,not asked by the form
SAG-142,NONE,,,DECLINES,,not asked by the form
SAG-143,NONE,,,DECLINES,,not asked by the form
SAG-146,NONE,,,DECLINES,,not asked by the form
SAG-147,NONE,,,DECLINES,,not asked by the form
SAG-148,NONE,,,DECLINES,,not asked by the form
SAG-149,NONE,,,CONDITION,,not asked by the form
SAG-150,NONE,,,REFERS_TO_UW,,not asked by the form
SAG-151,NONE,,,DECLINES,,not asked by the form
CHU-002,occupancy_type,occupancy_type != Vacant,always,DECLINES,,
CHU-003,NONE,,,DECLINES,,the form has no field for this
CHU-004,occupancy_type;dwelling_type;primary_home_carrier,primary_home_carrier == Chubb,"occupancy_type in {Seasonal, Secondary Home} or occupancy_type == Tenant Occupied or dwelling_type == Condo",CONDITION,Chubb writes the primary,
CHU-005,occupancy_type,FACT(Chubb writes the primary residence),occupancy_type == Tenant Occupied,CONDITION,Chubb writes the primary,
CHU-009,NONE,,,CONDITION,,the form has no field for this
CHU-011,NONE,,,UNKNOWN,,the form has no field for this
CHU-012,roof_shape;roof_type,not (roof_shape == Flat or roof_type == Flat/Built-Up) or county == El Paso,always,DECLINES,,"El Paso gets underwriting consideration, read as not declined"
CHU-014,roof_type,FACT(wildfire score not 10-50),roof_type == Wood Shake,DECLINES,wildfire score,
CHU-016,NONE,,,DECLINES,,the form has no field for this
CHU-017,NONE,,,DECLINES,,the form has no field for this
CHU-020,roof_type,roof_type != Wood Shake,always,REFERS_TO_UW,,tier ignored: other tiers are unacceptable
CHU-021,roof_type;county,roof_type != Wood Shake,"county in {Aransas, Brazoria, Calhoun, Cameron, Chambers, Galveston, Harris, Jefferson, Kenedy, Kleberg, Matagorda, Nueces, Refugio, San Patricio, Willacy}",REFERS_TO_UW,,
CHU-024,NONE,,,UNKNOWN,,"applies only to plumbing replaced as a required update, which the form does not ask"
CHU-029,NONE,,,DECLINES,,liability hazards are not asked
CHU-030,NONE,,,DECLINES,,liability hazards are not asked
CHU-033,NONE,,,DECLINES,,the form has no field for this
CHU-035,NONE,,,REFERS_TO_UW,,the form has no field for this
CHU-036,NONE,,,REFERS_TO_UW,,the form has no field for this
CHU-037,NONE,,,CONDITION,,the form has no field for this
CHU-040,NONE,,,DECLINES,,location detail beyond county / tier is not asked
CHU-041,NONE,,,DECLINES,,location detail beyond county / tier is not asked
CHU-042,NONE,,,CONDITION,,location detail beyond county / tier is not asked
CHU-043,county,FACT(not Territory 8/9/10 or Harris 1A),"county in {Aransas, Brazoria, Calhoun, Cameron, Chambers, Galveston, Harris, Jefferson, Kenedy, Kleberg, Matagorda, Nueces, Refugio, San Patricio, Willacy}",DECLINES,Chubb territory,no ZIP list in the guide
CHU-044,county,FACT(not Harris 1B/1C/1E),county == Harris,REFERS_TO_UW,Chubb territory,
CHU-045,county;occupancy_type;primary_home_carrier,primary_home_carrier == Chubb,"county == Harris and occupancy_type in {Seasonal, Secondary Home}",CONDITION,Chubb territory; primary,
CHU-046,county;occupancy_type;primary_home_carrier,"primary_home_carrier == Chubb and FACT($25,000 non-CAT premium)","county == Harris and occupancy_type in {Seasonal, Secondary Home}",CONDITION,Chubb territory; premium,
CHU-047,county;occupancy_type,FACT(not Harris 1A-east or Territory 8/9/10),"county in {Aransas, Brazoria, Calhoun, Cameron, Chambers, Galveston, Harris, Jefferson, Kenedy, Kleberg, Matagorda, Nueces, Refugio, San Patricio, Willacy} and occupancy_type in {Seasonal, Secondary Home}",DECLINES,Chubb territory,
CHU-050,NONE,,,DECLINES,,the form has no field for this
CHU-051,NONE,,,DECLINES,,the form has no field for this
CHU-052,NONE,,,DECLINES,,the form has no field for this
CHU-053,NONE,,,DECLINES,,the form has no field for this
CHU-054,NONE,,,DECLINES,,the form has no field for this
CHU-056,dwelling_amount;dwelling_type,dwelling_amount >= 1000000,dwelling_type == House,REFERS_TO_UW,,below the Preferred minimum the Standard tier needs pre-approval (round 20 REFER)
CHU-059,dwelling_type,dwelling_type != Condo,always,REFERS_TO_UW,,
CHU-060,NONE,,,REFERS_TO_UW,,the form has no field for this
CHU-061,NONE,,,DECLINES,,the form has no field for this
CHU-062,NONE,,,DECLINES,,loss / claims history is not asked
CHU-063,NONE,,,DECLINES,,loss / claims history is not asked
CHU-064,NONE,,,DECLINES,,loss / claims history is not asked
CHU-065,NONE,,,DECLINES,,loss / claims history is not asked
CHU-066,NONE,,,DECLINES,,loss / claims history is not asked
CHU-067,NONE,,,DECLINES,,loss / claims history is not asked
CHU-068,NONE,,,DECLINES,,loss / claims history is not asked
CHU-069,NONE,,,DECLINES,,loss / claims history is not asked
CHU-070,NONE,,,DECLINES,,loss / claims history is not asked
CHU-071,NONE,,,NOTE,,loss / claims history is not asked
CHU-073,NONE,,,REFERS_TO_UW,,loss / claims history is not asked
CHU-074,NONE,,,DECLINES,,loss / claims history is not asked
CHU-077,NONE,,,DECLINES,,acreage is not asked
CHU-078,NONE,,,DECLINES,,flood zone is not asked
CHU-079,NONE,,,REFERS_TO_UW,,flood zone is not asked
CHU-080,NONE,,,REFERS_TO_UW,,flood zone is not asked
CHU-081,NONE,,,REFERS_TO_UW,,flood zone is not asked
CHU-087,NONE,,,DECLINES,,product / binding status is not a property fact
CHU-088,NONE,,,UNKNOWN,,product / binding status is not a property fact
CHU-091,NONE,,,DECLINES,,not asked by the form
CHU-092,NONE,,,DECLINES,,not asked by the form
CHU-093,NONE,,,DECLINES,,not asked by the form
CHU-094,NONE,,,DECLINES,,not asked by the form
CHU-095,NONE,,,DECLINES,,not asked by the form
CHU-096,NONE,,,DECLINES,,not asked by the form
CHU-097,NONE,,,DECLINES,,not asked by the form
CHU-098,NONE,,,DECLINES,,not asked by the form
CHU-099,NONE,,,DECLINES,,not asked by the form
CHU-100,NONE,,,DECLINES,,not asked by the form
CHU-101,NONE,,,REFERS_TO_UW,,not asked by the form
CHU-102,NONE,,,DECLINES,,not asked by the form
CHU-103,NONE,,,DECLINES,,not asked by the form
CHU-104,NONE,,,UNKNOWN,,not asked by the form
CHU-105,NONE,,,DECLINES,,not asked by the form
CHU-106,NONE,,,DECLINES,,not asked by the form
CHU-107,NONE,,,DECLINES,,not asked by the form
MER-001,occupancy_type,occupancy_type != Vacant,always,DECLINES,,
MER-002,occupancy_type,occupancy_type != Vacant,always,DECLINES,,
MER-003,occupancy_type;primary_home_carrier,primary_home_carrier == Mercury,"occupancy_type in {Seasonal, Secondary Home}",DECLINES,Mercury writes the primary,round 30 step 1: the form's 'Primary home insured with'
MER-004,NONE,,,DECLINES,,the form has no field for this
MER-005,ownership_type,"ownership_type != LLC || ownership_type not in {LLC, Trust}",always,DECLINES,,AMBIGUOUS: a form Trust may be a corporate trust
MER-006,NONE,,,DECLINES,,the form has no field for this
MER-008,NONE,,,DECLINES,,the form has no field for this
MER-009,construction_type,construction_type != Manufactured/Mobile,always,DECLINES,,
MER-010,year_built,FACT(Functional Replacement Cost coverage),year_built < 1940,CONDITION,loss settlement,
MER-011,NONE,,,REFERS_TO_UW,,the form has no field for this
MER-012,roof_type,"roof_type != Wood Shake || roof_type not in {Wood Shake, Metal}",always,DECLINES,,AMBIGUOUS: Metal may be tin; asbestos and T-lock are not form options
MER-013,NONE,,,DECLINES,,the form has no field for this
MER-016,roof_shape;roof_type,not (roof_shape == Flat or roof_type == Flat/Built-Up),always,REFERS_TO_UW,,
MER-017,NONE,,,DECLINES,,the form has no field for this
MER-020,NONE,,,DECLINES,,siding / construction details are not form options
MER-021,NONE,,,DECLINES,,siding / construction details are not form options
MER-022,NONE,,,DECLINES,,siding / construction details are not form options
MER-023,NONE,,,DECLINES,,siding / construction details are not form options
MER-024,NONE,,,DECLINES,,siding / construction details are not form options
MER-025,NONE,,,DECLINES,,siding / construction details are not form options
MER-026,NONE,,,DECLINES,,siding / construction details are not form options
MER-027,NONE,,,DECLINES,,siding / construction details are not form options
MER-029,plumbing_type,"plumbing_type in {Copper, PVC, PEX}",always,NOTE,,"cure (plumber statement, over 50 years) is an inspection -> NOTE"
MER-030,plumbing_type,"plumbing_type not in {Galvanized, Polybutylene}",always,DECLINES,,cast iron is not a form option
MER-034,NONE,,,DECLINES,,wiring and panels are not asked
MER-035,NONE,,,DECLINES,,wiring and panels are not asked
MER-036,NONE,,,DECLINES,,wiring and panels are not asked
MER-040,NONE,,,DECLINES,,"heating, cooling and water heater are not asked"
MER-041,NONE,,,DECLINES,,"heating, cooling and water heater are not asked"
MER-042,NONE,,,DECLINES,,"heating, cooling and water heater are not asked"
MER-043,NONE,,,DECLINES,,"heating, cooling and water heater are not asked"
MER-046,NONE,,,DECLINES,,foundation is not asked
MER-047,swimming_pool,swimming_pool != In Ground - Unfenced,always,DECLINES,,
MER-049,NONE,,,DECLINES,,liability hazards are not asked
MER-050,NONE,,,DECLINES,,liability hazards are not asked
MER-051,NONE,,,DECLINES,,liability hazards are not asked
MER-054,has_dogs;aggressive_breed,always || aggressive_breed == No,has_dogs == Yes,DECLINES,,as ALL-106
MER-055,NONE,,,DECLINES,,the form has no field for this
MER-056,has_dogs,FACT(no biting history),has_dogs == Yes,DECLINES,bite history,
MER-057,has_dogs;aggressive_breed,always || aggressive_breed == No,has_dogs == Yes,DECLINES,,as ALL-106
MER-058,has_dogs,FACT(3 or fewer dogs),has_dogs == Yes,DECLINES,number of dogs,
MER-060,ppc,ppc_num < 10,always,REFERS_TO_UW,,10W counts as 10
MER-061,coastal_tier,"FACT(1/2 mile or more from sea, bay, tidal water)",coastal_tier == Tier 1,DECLINES,distance to water,Tier 1 = within 1 mile of Gulf or bay water (form help text)
MER-062,NONE,,,DECLINES,,location detail beyond county / tier is not asked
MER-063,NONE,,,DECLINES,,location detail beyond county / tier is not asked
MER-065,NONE,,,DECLINES,,location detail beyond county / tier is not asked
MER-068,county;zip,"zip not in {77015, 77034, 77058, 77059, 77062, 77075, 77089, 77465, 77502, 77503, 77504, 77505, 77506, 77507, 77520, 77521, 77523, 77530, 77536, 77546, 77547, 77562, 77571, 77581, 77586, 77587, 77597, 77598, 77969, 77971, 77979, 77991}","county in {Bee, Brooks, Fort Bend, Goliad, Hardin, Harris, Hidalgo, Jackson, Jim Wells, Liberty, Live Oak, Orange, Victoria, Wharton}",REFERS_TO_UW,ZIP; Harris side of Hwy 146,"Harris east of Hwy 146 is Tier I, not this row"
MER-069,county;zip,"zip not in {77001, 77002, 77003, 77004, 77006, 77009, 77010, 77011, 77012, 77013, 77016, 77017, 77019, 77020, 77021, 77023, 77026, 77028, 77029, 77030, 77033, 77044, 77047, 77048, 77049, 77050, 77051, 77054, 77061, 77078, 77087, 77204, 77346, 77396, 77532, 77533, 77535, 77538, 77575, 77582, 77584, 77611, 77630, 77951, 77977, 78387}","county in {Bee, Brooks, Fort Bend, Goliad, Hardin, Harris, Hidalgo, Jackson, Jim Wells, Liberty, Live Oak, Orange, Victoria, Wharton}",REFERS_TO_UW,ZIP; Harris side of Hwy 146,
MER-077,dwelling_amount,dwelling_amount <= 1500000,always,DECLINES,,
MER-078,dwelling_amount;dwelling_type,dwelling_amount <= 750000,dwelling_type == Condo,DECLINES,,Coverage C is not asked; A alone tested
MER-079,NONE,,,DECLINES,,the form has no field for this
MER-080,dwelling_amount,dwelling_amount < 1250000,always,REFERS_TO_UW,,
MER-081,dwelling_amount;dwelling_type,dwelling_amount < 500000,dwelling_type == Condo,REFERS_TO_UW,,
MER-082,NONE,,,REFERS_TO_UW,,the form has no field for this
MER-083,NONE,,,REFERS_TO_UW,,the form has no field for this
MER-084,NONE,,,CONDITION,,the form has no field for this
MER-085,NONE,,,DECLINES,,the form has no field for this
MER-086,dwelling_amount;county;zip,dwelling_amount <= 1000000,"county in {Bee, Brooks, Fort Bend, Goliad, Hardin, Harris, Hidalgo, Jackson, Jim Wells, Liberty, Live Oak, Orange, Victoria, Wharton}",DECLINES,,
MER-087,NONE,,,DECLINES,,loss / claims history is not asked
MER-088,NONE,,,DECLINES,,loss / claims history is not asked
MER-089,NONE,,,DECLINES,,loss / claims history is not asked
MER-090,NONE,,,CONDITION,,loss / claims history is not asked
MER-091,NONE,,,DECLINES,,loss / claims history is not asked
MER-093,NONE,,,REFERS_TO_UW,,loss / claims history is not asked
MER-094,NONE,,,DECLINES,,acreage is not asked
MER-101,NONE,,,DECLINES,,product / binding status is not a property fact
MER-102,NONE,,,UNKNOWN,,product / binding status is not a property fact
MER-105,NONE,,,DECLINES,,not asked by the form
MER-106,NONE,,,DECLINES,,not asked by the form
MER-107,NONE,,,DECLINES,,not asked by the form
MER-108,NONE,,,DECLINES,,not asked by the form
MER-109,NONE,,,REFERS_TO_UW,,not asked by the form
MER-110,NONE,,,REFERS_TO_UW,,not asked by the form
MER-111,NONE,,,DECLINES,,not asked by the form
MER-112,NONE,,,NOTE,,not asked by the form
MER-113,NONE,,,DECLINES,,not asked by the form
MER-114,NONE,,,DECLINES,,not asked by the form
MER-115,NONE,,,DECLINES,,not asked by the form
MER-116,NONE,,,DECLINES,,not asked by the form
MER-121,NONE,,,CONDITION,,not asked by the form
MER-123,NONE,,,DECLINES,,not asked by the form
PRO-001,NONE,,,DECLINES,,the form has no field for this
PRO-002,NONE,,,DECLINES,,the form has no field for this
PRO-003,occupancy_type,"FACT(disclosed, family-occupied, no rental)","occupancy_type in {Seasonal, Secondary Home}",CONDITION,rentals,
PRO-004,occupancy_type,occupancy_type != Vacant,always,DECLINES,,
PRO-005,NONE,,,DECLINES,,the form has no field for this
PRO-006,NONE,,,DECLINES,,the form has no field for this
PRO-007,NONE,,,DECLINES,,the form has no field for this
PRO-008,NONE,,,DECLINES,,the form has no field for this
PRO-009,NONE,,,DECLINES,,the form has no field for this
PRO-010,NONE,,,REFERS_TO_UW,,the form has no field for this
PRO-011,NONE,,,REFERS_TO_UW,,the form has no field for this
PRO-012,ownership_type,"ownership_type != LLC || ownership_type not in {LLC, Trust}",always,DECLINES,,AMBIGUOUS: a form Trust may be a land trust
PRO-013,ownership_type,ownership_type != Trust,always,REFERS_TO_UW,,trust: refer
PRO-014,NONE,,,REFERS_TO_UW,,the form has no field for this
PRO-015,NONE,,,DECLINES,,the form has no field for this
PRO-016,construction_type,construction_type != Manufactured/Mobile,always,DECLINES,,
PRO-017,dwelling_type,FACT(4 or fewer units per fire division),dwelling_type == Townhome,DECLINES,fire division,
PRO-022,roof_age,FACT(5+ years of life expectancy left),roof_age >= 15,DECLINES,remaining roof life,same assumption as ALL-034
PRO-023,NONE,,,DECLINES,,the form has no field for this
PRO-024,roof_type,"roof_type != Wood Shake || roof_type not in {Wood Shake, Metal, Flat/Built-Up}",always,DECLINES,,AMBIGUOUS: Metal may be tin/corrugated; Flat/Built-Up may be tar and gravel/rubber/rolled
PRO-025,roof_shape;roof_type,FACT(poured concrete or rubber),(roof_shape == Flat or roof_type == Flat/Built-Up),DECLINES,flat roof material,
PRO-026,NONE,,,DECLINES,,the form has no field for this
PRO-027,NONE,,,DECLINES,,the form has no field for this
PRO-029,NONE,,,CONDITION,,the form has no field for this
PRO-032,NONE,,,DECLINES,,siding / construction details are not form options
PRO-033,NONE,,,DECLINES,,siding / construction details are not form options
PRO-034,NONE,,,DECLINES,,siding / construction details are not form options
PRO-035,NONE,,,DECLINES,,siding / construction details are not form options
PRO-036,NONE,,,DECLINES,,siding / construction details are not form options
PRO-037,NONE,,,DECLINES,,siding / construction details are not form options
PRO-038,NONE,,,CONDITION,,"applies only to plumbing replaced as a required update, which the form does not ask"
PRO-039,plumbing_type;year_built,"plumbing_type not in {Galvanized, Polybutylene} || plumbing_type not in {Galvanized, Polybutylene} and (plumbing_type != PEX or year_built >= 2011)",always,DECLINES,,AMBIGUOUS only for PEX in a home built before 2011
PRO-040,NONE,,,DECLINES,,wiring and panels are not asked
PRO-041,NONE,,,DECLINES,,"heating, cooling and water heater are not asked"
PRO-042,NONE,,,CONDITION,,"heating, cooling and water heater are not asked"
PRO-043,NONE,,,DECLINES,,"heating, cooling and water heater are not asked"
PRO-044,NONE,,,DECLINES,,"heating, cooling and water heater are not asked"
PRO-045,NONE,,,CONDITION,,"heating, cooling and water heater are not asked"
PRO-046,NONE,,,DECLINES,,foundation is not asked
PRO-048,NONE,,,CONDITION,,foundation is not asked
PRO-050,NONE,,,REFERS_TO_UW,,foundation is not asked
PRO-051,swimming_pool;pool_fence_4ft;pool_gate_locking,"swimming_pool not in {Above Ground - Unfenced, In Ground - Unfenced} and pool_fence_4ft == True and pool_gate_locking == True",swimming_pool != No Pool,CONDITION,fence 4 ft; locking gate,approved alternate enclosure also cures
PRO-053,NONE,,,CONDITION,,the form has no field for this
PRO-054,NONE,,,DECLINES,,liability hazards are not asked
PRO-056,NONE,,,CONDITION,,liability hazards are not asked
PRO-057,NONE,,,DECLINES,,liability hazards are not asked
PRO-058,NONE,,,CONDITION,,liability hazards are not asked
PRO-059,NONE,,,DECLINES,,liability hazards are not asked
PRO-060,NONE,,,CONDITION,,liability hazards are not asked
PRO-061,has_dogs;aggressive_breed,always || aggressive_breed == No,has_dogs == Yes,DECLINES,,as ALL-106
PRO-062,has_dogs,FACT(no bite history),has_dogs == Yes,DECLINES,bite history,
PRO-063,NONE,,,DECLINES,,the form has no field for this
PRO-064,NONE,,,CONDITION,,the form has no field for this
PRO-065,NONE,,,CONDITION,,the form has no field for this
PRO-066,NONE,,,CONDITION,,the form has no field for this
PRO-068,ppc,FACT(paved road and visible to neighbors),ppc_num between 9 and 10,CONDITION,paved road; visibility to neighbors,
PRO-069,NONE,,,DECLINES,,the form has no field for this
PRO-070,NONE,,,CONDITION,,the form has no field for this
PRO-072,county,"county not in {Hidalgo, Webb}",always,DECLINES,,
PRO-073,coastal_tier,"FACT(more than 1,000 ft from the Gulf)",coastal_tier == Tier 1,DECLINES,distance to Gulf,
PRO-075,NONE,,,DECLINES,,location detail beyond county / tier is not asked
PRO-076,NONE,,,REFERS_TO_UW,,location detail beyond county / tier is not asked
PRO-077,NONE,,,DECLINES,,location detail beyond county / tier is not asked
PRO-078,NONE,,,DECLINES,,location detail beyond county / tier is not asked
PRO-079,NONE,,,DECLINES,,location detail beyond county / tier is not asked
PRO-080,NONE,,,DECLINES,,location detail beyond county / tier is not asked
PRO-081,NONE,,,DECLINES,,location detail beyond county / tier is not asked
PRO-082,NONE,,,DECLINES,,location detail beyond county / tier is not asked
PRO-083,NONE,,,CONDITION,,location detail beyond county / tier is not asked
PRO-085,NONE,,,REFERS_TO_UW,,acreage is not asked
PRO-086,NONE,,,CONDITION,,flood zone is not asked
PRO-087,coastal_tier,FACT(above base flood elevation),coastal_tier == Tier 1,CONDITION,elevation,
PRO-088,dwelling_amount,dwelling_amount between 100000 and 5000000,always,DECLINES,,
PRO-089,dwelling_amount,dwelling_amount <= 1500000,always,REFERS_TO_UW,,
PRO-090,NONE,,,DECLINES,,the form has no field for this
PRO-091,NONE,,,REFERS_TO_UW,,the form has no field for this
PRO-093,NONE,,,DECLINES,,loss / claims history is not asked
PRO-094,NONE,,,DECLINES,,loss / claims history is not asked
PRO-095,ppc,FACT(no fire loss),ppc_num >= 8,DECLINES,fire loss history,
PRO-096,NONE,,,REFERS_TO_UW,,loss / claims history is not asked
PRO-097,NONE,,,REFERS_TO_UW,,loss / claims history is not asked
PRO-098,NONE,,,REFERS_TO_UW,,loss / claims history is not asked
PRO-099,NONE,,,DECLINES,,loss / claims history is not asked
PRO-100,NONE,,,CONDITION,,loss / claims history is not asked
PRO-105,NONE,,,CONDITION,,the form has no field for this
PRO-108,county,"county not in {Hidalgo, Webb}",always,DECLINES,,same rule as PRO-072
PRO-109,NONE,,,CONDITION,,product / binding status is not a property fact
PRO-110,NONE,,,DECLINES,,not asked by the form
PRO-111,NONE,,,CONDITION,,not asked by the form
PRO-112,NONE,,,DECLINES,,not asked by the form
PRO-113,NONE,,,DECLINES,,not asked by the form
PRO-114,NONE,,,DECLINES,,not asked by the form
PRO-118,NONE,,,DECLINES,,not asked by the form
PRO-119,NONE,,,DECLINES,,not asked by the form
PRO-120,NONE,,,DECLINES,,not asked by the form
PRO-122,NONE,,,DECLINES,,not asked by the form
SWY-001,occupancy_type,occupancy_type != Vacant,always,DECLINES,,
SWY-002,NONE,,,DECLINES,,the form has no field for this
SWY-003,NONE,,,DECLINES,,the form has no field for this
SWY-004,NONE,,,DECLINES,,the form has no field for this
SWY-005,NONE,,,DECLINES,,the form has no field for this
SWY-006,NONE,,,DECLINES,,the form has no field for this
SWY-007,occupancy_type;primary_home_miles,primary_home_miles >= 50,"occupancy_type in {Seasonal, Secondary Home}",DECLINES,distance from primary,round 30 step 1: 'less than 50 miles from the primary residence'; the home is the owner's (decision 2)
SWY-009,occupancy_type,occupancy_type != Tenant Occupied,always,DECLINES,,
SWY-010,NONE,,,DECLINES,,the form has no field for this
SWY-011,ownership_type,"ownership_type not in {Trust, LLC}",always,REFERS_TO_UW,,trust or LLC: refer
SWY-012,construction_type,construction_type != Manufactured/Mobile,always,DECLINES,,
SWY-013,NONE,,,REFERS_TO_UW,,the form has no field for this
SWY-014,NONE,,,DECLINES,,the form has no field for this
SWY-016,NONE,,,REFERS_TO_UW,,the form has no field for this
SWY-017,roof_age,roof_age <= 30,always,DECLINES,,
SWY-021,NONE,,,DECLINES,,the form has no field for this
SWY-023,NONE,,,DECLINES,,siding / construction details are not form options
SWY-024,NONE,,,DECLINES,,siding / construction details are not form options
SWY-025,NONE,,,DECLINES,,siding / construction details are not form options
SWY-026,plumbing_type,"plumbing_type not in {Galvanized, Polybutylene}",always,DECLINES,,
SWY-027,NONE,,,DECLINES,,wiring and panels are not asked
SWY-028,NONE,,,DECLINES,,wiring and panels are not asked
SWY-029,NONE,,,DECLINES,,wiring and panels are not asked
SWY-030,NONE,,,DECLINES,,"heating, cooling and water heater are not asked"
SWY-035,swimming_pool;pool_fence_4ft;pool_gate_locking,swimming_pool != Above Ground - Unfenced and pool_fence_4ft == True and pool_gate_locking == True,swimming_pool != No Pool,CONDITION,fence 4 ft; self-latching gate,a pool cage also cures; an unfenced in-ground pool is SWY-036's (one failing row per fact)
SWY-036,swimming_pool,swimming_pool != In Ground - Unfenced,always,DECLINES,,
SWY-039,NONE,,,DECLINES,,liability hazards are not asked
SWY-040,has_dogs;aggressive_breed,always || aggressive_breed == No,has_dogs == Yes,DECLINES,,as ALL-106
SWY-041,has_dogs,FACT(no bite history or aggression),has_dogs == Yes,DECLINES,bite history,
SWY-043,solar_panels,always || solar_panels == No,solar_panels == Yes,DECLINES,,AMBIGUOUS: Tesla solar roof
SWY-045,NONE,,,DECLINES,,location detail beyond county / tier is not asked
SWY-046,dwelling_amount,dwelling_amount between 125000 and 2000000,always,DECLINES,,
SWY-047,NONE,,,DECLINES,,loss / claims history is not asked
SWY-048,NONE,,,DECLINES,,loss / claims history is not asked
SWY-049,NONE,,,REFERS_TO_UW,,loss / claims history is not asked
SWY-050,NONE,,,REFERS_TO_UW,,loss / claims history is not asked
SWY-051,NONE,,,REFERS_TO_UW,,loss / claims history is not asked
SWY-061,NONE,,,DECLINES,,not asked by the form
SWY-062,NONE,,,CONDITION,,not asked by the form
SWY-063,NONE,,,DECLINES,,loss / claims history is not asked
