# Texas's 254 counties and each one's NORTHERNMOST latitude (degrees N, NAD83).
# Source: U.S. Census Bureau, 2023 Cartographic Boundary File cb_2023_us_county_500k
# (https://www2.census.gov/geo/tiger/GENZ2023/shp/), max over every polygon vertex.
# Built 2026-09-30. Used for the Sage family's 'South Texas' rule: a county located
# ENTIRELY south of 31 degrees North has max_latitude < 31.0.
county,geoid,max_latitude
Anderson,48001,32.08447
Andrews,48003,32.52337
Angelina,48005,31.52692
Aransas,48007,28.31923
Archer,48009,33.83605
Armstrong,48011,35.18324
Atascosa,48013,29.25069
Austin,48015,30.09683
Bailey,48017,34.31293
Bandera,48019,29.90768
Bastrop,48021,30.41964
Baylor,48023,33.83419
Bee,48025,28.71965
Bell,48027,31.3202
Bexar,48029,29.76071
Blanco,48031,30.5021
Borden,48033,32.9636
Bosque,48035,32.2074
Bowie,48037,33.71599
Brazoria,48039,29.59911
Brazos,48041,30.97374
Brewster,48043,30.66594
Briscoe,48045,34.74838
Brooks,48047,27.2652
Brown,48049,32.0796
Burleson,48051,30.73076
Burnet,48053,31.03501
Caldwell,48055,30.07156
Calhoun,48057,28.73023
Callahan,48059,32.51511
Cameron,48061,26.4112
Camp,48063,33.07735
Carson,48065,35.62527
Cass,48067,33.31201
Castro,48069,34.74819
Chambers,48071,29.88994
Cherokee,48073,32.13799
Childress,48075,34.74753
Clay,48077,34.15711
Cochran,48079,33.82512
Coke,48081,32.08661
Coleman,48083,32.08209
Collin,48085,33.4055
Collingsworth,48087,35.18314
Colorado,48089,29.96152
Comal,48091,30.03799
Comanche,48093,32.26144
Concho,48095,31.58027
Cooke,48097,33.95638
Coryell,48099,31.71102
Cottle,48101,34.3141
Crane,48103,31.65171
Crockett,48105,31.08716
Crosby,48107,33.83362
Culberson,48109,32.00053
Dallam,48111,36.5007
Dallas,48113,32.98969
Dawson,48115,32.96195
DeWitt,48123,29.38449
Deaf Smith,48117,35.18725
Delta,48119,33.49545
Denton,48121,33.43045
Dickens,48125,33.83565
Dimmit,48127,28.64812
Donley,48129,35.18326
Duval,48131,28.05797
Eastland,48133,32.51562
Ector,48135,32.08699
Edwards,48137,30.2907
El Paso,48141,32.00253
Ellis,48139,32.5493
Erath,48143,32.51304
Falls,48145,31.52227
Fannin,48147,33.885
Fayette,48149,30.16435
Fisher,48151,32.96347
Floyd,48153,34.31254
Foard,48155,34.24196
Fort Bend,48157,29.78862
Franklin,48159,33.38945
Freestone,48161,32.01253
Frio,48163,29.09153
Gaines,48165,32.95951
Galveston,48167,29.59826
Garza,48169,33.39721
Gillespie,48171,30.49987
Glasscock,48173,32.08753
Goliad,48175,28.92527
Gonzales,48177,29.78466
Gray,48179,35.62049
Grayson,48181,33.95958
Gregg,48183,32.66751
Grimes,48185,30.86413
Guadalupe,48187,29.85821
Hale,48189,34.31313
Hall,48191,34.74835
Hamilton,48193,32.0179
Hansford,48195,36.49953
Hardeman,48197,34.57927
Hardin,48199,30.52706
Harris,48201,30.17061
Harrison,48203,32.79309
Hartley,48205,36.0555
Haskell,48207,33.39902
Hays,48209,30.35631
Hemphill,48211,36.05649
Henderson,48213,32.35885
Hidalgo,48215,26.78308
Hill,48217,32.26682
Hockley,48219,33.82512
Hood,48221,32.55882
Hopkins,48223,33.37719
Houston,48225,31.59289
Howard,48227,32.52522
Hudspeth,48229,32.00235
Hunt,48231,33.40953
Hutchinson,48233,36.05541
Irion,48235,31.52869
Jack,48237,33.46713
Jackson,48239,29.26388
Jasper,48241,31.15807
Jeff Davis,48243,31.1052
Jefferson,48245,30.18911
Jim Hogg,48247,27.3591
Jim Wells,48249,28.05797
Johnson,48251,32.55548
Jones,48253,32.96025
Karnes,48255,29.22175
Kaufman,48257,32.84172
Kendall,48259,30.13895
Kenedy,48261,27.28381
Kent,48263,33.3985
Kerr,48265,30.2907
Kimble,48267,30.71102
King,48269,33.83612
Kinney,48271,29.6239
Kleberg,48273,27.63593
Knox,48275,33.83597
La Salle,48283,28.64749
Lamar,48277,33.94303
Lamb,48279,34.31321
Lampasas,48281,31.46372
Lavaca,48285,29.63271
Lee,48287,30.5572
Leon,48289,31.65396
Liberty,48291,30.49355
Limestone,48293,31.81489
Lipscomb,48295,36.4997
Live Oak,48297,28.78695
Llano,48299,30.92212
Loving,48301,32.00055
Lubbock,48303,33.83045
Lynn,48305,33.39476
Madison,48313,31.09421
Marion,48315,32.88109
Martin,48317,32.52532
Mason,48319,30.94119
Matagorda,48321,29.2297
Maverick,48323,29.08632
McCulloch,48307,31.49365
McLennan,48309,31.86308
McMullen,48311,28.64835
Medina,48325,29.69071
Menard,48327,31.08799
Midland,48329,32.08699
Milam,48331,31.11041
Mills,48333,31.72361
Mitchell,48335,32.52793
Montague,48337,33.99137
Montgomery,48339,30.63028
Moore,48341,36.05563
Morris,48343,33.36597
Motley,48345,34.31419
Nacogdoches,48347,31.84556
Navarro,48349,32.32893
Newton,48351,31.1866
Nolan,48353,32.52531
Nueces,48355,27.99566
Ochiltree,48357,36.4997
Oldham,48359,35.62752
Orange,48361,30.24432
Palo Pinto,48363,33.00791
Panola,48365,32.39414
Parker,48367,33.00333
Parmer,48369,34.74758
Pecos,48371,31.37131
Polk,48373,31.14658
Potter,48375,35.6202
Presidio,48377,30.62923
Rains,48379,32.98023
Randall,48381,35.18336
Reagan,48383,31.65145
Real,48385,30.08236
Red River,48387,33.96265
Reeves,48389,32.00012
Refugio,48391,28.55482
Roberts,48393,36.05771
Robertson,48395,31.35713
Rockwall,48397,32.98299
Runnels,48399,32.08264
Rusk,48401,32.40763
Sabine,48403,31.61184
San Augustine,48405,31.6536
San Jacinto,48407,30.90672
San Patricio,48409,28.1793
San Saba,48411,31.4903
Schleicher,48413,31.08873
Scurry,48415,32.97022
Shackelford,48417,32.9571
Shelby,48419,31.98016
Sherman,48421,36.50068
Smith,48423,32.68703
Somervell,48425,32.31862
Starr,48427,26.78569
Stephens,48429,32.95723
Sterling,48431,32.08721
Stonewall,48433,33.39804
Sutton,48435,30.71037
Swisher,48437,34.74819
Tarrant,48439,32.99419
Taylor,48441,32.523
Terrell,48443,30.65832
Terry,48445,33.38959
Throckmorton,48447,33.39902
Titus,48449,33.39848
Tom Green,48451,31.70542
Travis,48453,30.62825
Trinity,48455,31.38693
Tyler,48457,31.05913
Upshur,48459,32.9045
Upton,48461,31.65159
Uvalde,48463,29.62769
Val Verde,48465,30.28853
Van Zandt,48467,32.83849
Victoria,48469,29.10405
Walker,48471,31.0581
Waller,48473,30.24564
Ward,48475,31.6518
Washington,48477,30.39989
Webb,48479,28.20463
Wharton,48481,29.63381
Wheeler,48483,35.61965
Wichita,48485,34.21258
Wilbarger,48487,34.45884
Willacy,48489,26.61177
Williamson,48491,30.90441
Wilson,48493,29.44175
Winkler,48495,32.08715
Wise,48497,33.43401
Wood,48499,33.01345
Yoakum,48501,33.38849
Young,48503,33.39753
Zapata,48505,27.31917
Zavala,48507,29.09134
