# source: Census 2020 ZCTA-to-county relationship file (https://www2.census.gov/geo/docs/maps-data/data/rel2020/zcta520/tab20_zcta520_county20_natl.txt, file dated 2021-12-09)
# built: 2026-10-01
# share: AREALAND_PART / AREALAND_ZCTA5_20 (share of the ZCTA's land area in the county)
# pick: largest share, tie alphabetical (intake_fields.county_for_zip)
zip,county,share
73949,Sherman,0.136675
73960,Sherman,1.000000
75001,Dallas,1.000000
75002,Collin,1.000000
75006,Dallas,1.000000
75007,Denton,0.903769
75007,Dallas,0.085498
75007,Collin,0.010733
75009,Collin,0.930822
75009,Denton,0.069178
75010,Denton,1.000000
75013,Collin,1.000000
75019,Dallas,0.980354
75019,Denton,0.019646
75020,Grayson,1.000000
75021,Grayson,1.000000
75022,Denton,0.951246
75022,Tarrant,0.048754
75023,Collin,1.000000
75024,Collin,0.874993
75024,Denton,0.125007
75025,Collin,1.000000
75028,Denton,0.976866
75028,Tarrant,0.023134
75032,Rockwall,1.000000
75033,Denton,0.548017
75033,Collin,0.451983
75034,Collin,0.564544
75034,Denton,0.435456
75035,Collin,1.000000
75036,Denton,1.000000
75038,Dallas,1.000000
75039,Dallas,1.000000
75040,Dallas,1.000000
75041,Dallas,1.000000
75042,Dallas,1.000000
75043,Dallas,1.000000
75044,Dallas,0.995871
75044,Collin,0.004129
75048,Dallas,0.806419
75048,Collin,0.193581
75050,Dallas,0.788689
75050,Tarrant,0.211311
75051,Dallas,0.869627
75051,Tarrant,0.130373
75052,Dallas,0.593306
75052,Tarrant,0.406694
75054,Tarrant,0.651530
75054,Dallas,0.348470
75056,Denton,1.000000
75057,Denton,1.000000
75058,Grayson,1.000000
75060,Dallas,1.000000
75061,Dallas,1.000000
75062,Dallas,1.000000
75063,Dallas,1.000000
75065,Denton,1.000000
75067,Denton,0.961599
75067,Dallas,0.038401
75068,Denton,1.000000
75069,Collin,1.000000
75070,Collin,1.000000
75071,Collin,1.000000
75072,Collin,1.000000
75074,Collin,1.000000
75075,Collin,1.000000
75076,Grayson,1.000000
75077,Denton,1.000000
75078,Collin,0.701146
75078,Denton,0.298854
75080,Dallas,0.708715
75080,Collin,0.291285
75081,Dallas,1.000000
75082,Collin,0.845715
75082,Dallas,0.154285
75087,Rockwall,0.937339
75087,Collin,0.062661
75088,Dallas,0.872943
75088,Rockwall,0.127057
75089,Dallas,0.963239
75089,Rockwall,0.036761
75090,Grayson,1.000000
75092,Grayson,1.000000
75093,Collin,0.902031
75093,Denton,0.097969
75094,Collin,1.000000
75098,Collin,0.865952
75098,Dallas,0.104050
75098,Rockwall,0.029998
75101,Ellis,1.000000
75102,Navarro,1.000000
75103,Van Zandt,1.000000
75104,Dallas,0.937749
75104,Ellis,0.062251
75105,Navarro,1.000000
75109,Navarro,1.000000
75110,Navarro,1.000000
75114,Kaufman,1.000000
75115,Dallas,1.000000
75116,Dallas,1.000000
75117,Van Zandt,1.000000
75119,Ellis,0.943695
75119,Navarro,0.056305
75124,Henderson,0.729170
75124,Van Zandt,0.270830
75125,Ellis,0.714718
75125,Dallas,0.285282
75126,Kaufman,0.973503
75126,Rockwall,0.026497
75127,Van Zandt,1.000000
75132,Rockwall,1.000000
75134,Dallas,1.000000
75135,Hunt,1.000000
75137,Dallas,1.000000
75140,Van Zandt,0.981533
75140,Smith,0.018467
75141,Dallas,1.000000
75142,Kaufman,1.000000
75143,Kaufman,0.539907
75143,Henderson,0.460093
75144,Navarro,1.000000
75146,Dallas,0.994174
75146,Ellis,0.005826
75147,Van Zandt,0.557694
75147,Kaufman,0.399670
75147,Henderson,0.042636
75148,Henderson,1.000000
75149,Dallas,1.000000
75150,Dallas,1.000000
75152,Ellis,1.000000
75153,Navarro,1.000000
75154,Ellis,0.875387
75154,Dallas,0.124613
75155,Navarro,1.000000
75156,Henderson,0.999473
75156,Kaufman,0.000527
75157,Kaufman,1.000000
75158,Kaufman,1.000000
75159,Dallas,0.629070
75159,Kaufman,0.370930
75160,Kaufman,0.827935
75160,Hunt,0.171289
75160,Rockwall,0.000776
75161,Kaufman,1.000000
75163,Henderson,1.000000
75164,Collin,1.000000
75165,Ellis,1.000000
75166,Collin,1.000000
75167,Ellis,1.000000
75169,Van Zandt,0.886385
75169,Kaufman,0.091161
75169,Hunt,0.022453
75172,Dallas,1.000000
75173,Collin,1.000000
75180,Dallas,1.000000
75181,Dallas,1.000000
75182,Dallas,1.000000
75189,Rockwall,0.423490
75189,Hunt,0.383554
75189,Collin,0.192957
75201,Dallas,1.000000
75202,Dallas,1.000000
75203,Dallas,1.000000
75204,Dallas,1.000000
75205,Dallas,1.000000
75206,Dallas,1.000000
75207,Dallas,1.000000
75208,Dallas,1.000000
75209,Dallas,1.000000
75210,Dallas,1.000000
75211,Dallas,1.000000
75212,Dallas,1.000000
75214,Dallas,1.000000
75215,Dallas,1.000000
75216,Dallas,1.000000
75217,Dallas,1.000000
75218,Dallas,1.000000
75219,Dallas,1.000000
75220,Dallas,1.000000
75223,Dallas,1.000000
75224,Dallas,1.000000
75225,Dallas,1.000000
75226,Dallas,1.000000
75227,Dallas,1.000000
75228,Dallas,1.000000
75229,Dallas,1.000000
75230,Dallas,1.000000
75231,Dallas,1.000000
75232,Dallas,1.000000
75233,Dallas,1.000000
75234,Dallas,1.000000
75235,Dallas,1.000000
75236,Dallas,1.000000
75237,Dallas,1.000000
75238,Dallas,1.000000
75240,Dallas,1.000000
75241,Dallas,1.000000
75243,Dallas,1.000000
75244,Dallas,1.000000
75246,Dallas,1.000000
75247,Dallas,1.000000
75248,Dallas,0.993846
75248,Collin,0.006154
75249,Dallas,1.000000
75251,Dallas,1.000000
75252,Collin,0.921501
75252,Dallas,0.078499
75253,Dallas,1.000000
75254,Dallas,1.000000
75261,Tarrant,1.000000
75270,Dallas,1.000000
75287,Collin,0.582174
75287,Denton,0.414989
75287,Dallas,0.002837
75390,Dallas,1.000000
75401,Hunt,1.000000
75402,Hunt,1.000000
75407,Collin,1.000000
75409,Collin,1.000000
75410,Wood,0.510626
75410,Rains,0.489374
75411,Lamar,1.000000
75412,Red River,1.000000
75413,Fannin,1.000000
75414,Grayson,1.000000
75415,Delta,1.000000
75416,Lamar,0.988375
75416,Red River,0.011625
75417,Red River,1.000000
75418,Fannin,1.000000
75420,Hopkins,0.991219
75420,Rains,0.008781
75421,Lamar,1.000000
75422,Hunt,1.000000
75423,Hunt,0.942089
75423,Fannin,0.057911
75424,Collin,0.918996
75424,Fannin,0.081004
75426,Red River,1.000000
75428,Hunt,0.833352
75428,Delta,0.166648
75429,Hunt,1.000000
75431,Hopkins,0.770116
75431,Wood,0.229884
75432,Delta,1.000000
75433,Hopkins,0.980646
75433,Hunt,0.019354
75434,Lamar,1.000000
75435,Lamar,0.544060
75435,Red River,0.455940
75436,Red River,0.937088
75436,Lamar,0.062912
75437,Hopkins,1.000000
75438,Fannin,1.000000
75439,Fannin,1.000000
75440,Rains,0.974846
75440,Hopkins,0.017526
75440,Wood,0.007628
75441,Delta,1.000000
75442,Collin,0.835779
75442,Hunt,0.164221
75446,Fannin,0.754302
75446,Lamar,0.245698
75447,Fannin,1.000000
75448,Delta,1.000000
75449,Fannin,0.693393
75449,Hunt,0.306607
75450,Delta,1.000000
75451,Camp,0.881969
75451,Wood,0.084954
75451,Upshur,0.033077
75452,Fannin,0.798739
75452,Hunt,0.150811
75452,Collin,0.050451
75453,Hunt,0.730925
75453,Rains,0.164656
75453,Hopkins,0.104418
75454,Collin,1.000000
75455,Titus,0.962724
75455,Franklin,0.037276
75457,Franklin,1.000000
75459,Grayson,1.000000
75460,Lamar,1.000000
75462,Lamar,1.000000
75468,Lamar,1.000000
75469,Delta,0.856648
75469,Hunt,0.142810
75469,Fannin,0.000542
75470,Lamar,1.000000
75471,Hopkins,0.947208
75471,Wood,0.052792
75472,Rains,0.988422
75472,Hopkins,0.011578
75473,Lamar,1.000000
75474,Hunt,0.954971
75474,Kaufman,0.045029
75475,Fannin,1.000000
75476,Fannin,1.000000
75477,Lamar,1.000000
75478,Hopkins,0.916033
75478,Franklin,0.083967
75479,Fannin,0.969292
75479,Grayson,0.030708
75480,Franklin,0.970715
75480,Wood,0.029285
75481,Hopkins,0.925033
75481,Franklin,0.074967
75482,Hopkins,1.000000
75486,Lamar,1.000000
75487,Franklin,0.663495
75487,Titus,0.336505
75488,Fannin,1.000000
75489,Grayson,1.000000
75490,Fannin,0.967944
75490,Grayson,0.032056
75491,Grayson,0.584170
75491,Fannin,0.409692
75491,Collin,0.006138
75492,Fannin,1.000000
75493,Titus,1.000000
75494,Wood,0.691559
75494,Franklin,0.175697
75494,Hopkins,0.102133
75494,Upshur,0.030611
75495,Grayson,0.945453
75495,Collin,0.054547
75496,Hunt,0.590255
75496,Fannin,0.409745
75497,Wood,0.748003
75497,Hopkins,0.249789
75497,Rains,0.002208
75501,Bowie,1.000000
75503,Bowie,1.000000
75550,Red River,1.000000
75551,Cass,1.000000
75554,Red River,0.810227
75554,Bowie,0.189773
75555,Cass,0.912585
75555,Marion,0.087415
75556,Cass,0.991315
75558,Titus,0.990712
75558,Morris,0.009288
75559,Bowie,0.918093
75559,Red River,0.081907
75560,Cass,1.000000
75561,Bowie,1.000000
75562,Cass,1.000000
75563,Cass,1.000000
75564,Cass,1.000000
75565,Cass,1.000000
75566,Cass,1.000000
75567,Bowie,1.000000
75568,Cass,0.736197
75568,Morris,0.263803
75569,Bowie,1.000000
75570,Bowie,1.000000
75571,Morris,0.923408
75571,Titus,0.076592
75572,Cass,1.000000
75573,Bowie,1.000000
75574,Bowie,1.000000
75601,Gregg,0.779163
75601,Harrison,0.220837
75602,Harrison,0.808418
75602,Gregg,0.191582
75603,Gregg,0.890915
75603,Rusk,0.109085
75604,Gregg,0.979323
75604,Upshur,0.020677
75605,Gregg,0.583606
75605,Harrison,0.406627
75605,Upshur,0.009767
75630,Cass,0.551320
75630,Marion,0.448680
75631,Panola,1.000000
75633,Panola,1.000000
75638,Morris,0.969673
75638,Cass,0.030327
75639,Panola,1.000000
75640,Harrison,0.599210
75640,Upshur,0.373745
75640,Marion,0.027045
75641,Rusk,0.789774
75641,Gregg,0.210226
75642,Panola,0.654599
75642,Harrison,0.345401
75643,Panola,0.866821
75643,Shelby,0.133179
75644,Upshur,1.000000
75645,Upshur,0.978106
75645,Gregg,0.021894
75647,Gregg,0.432268
75647,Smith,0.321449
75647,Upshur,0.246283
75650,Harrison,1.000000
75651,Harrison,0.908832
75651,Marion,0.091168
75652,Rusk,0.983395
75652,Panola,0.016605
75654,Rusk,0.996360
75654,Cherokee,0.003640
75656,Cass,0.917330
75656,Morris,0.082670
75657,Marion,0.872840
75657,Cass,0.076070
75657,Harrison,0.051090
75658,Rusk,1.000000
75659,Harrison,1.000000
75661,Harrison,1.000000
75662,Gregg,0.527566
75662,Rusk,0.395541
75662,Smith,0.076893
75667,Rusk,1.000000
75668,Morris,0.819201
75668,Marion,0.180799
75669,Panola,0.829190
75669,Rusk,0.170810
75670,Harrison,1.000000
75671,Harrison,1.000000
75672,Harrison,0.997475
75672,Panola,0.002525
75680,Rusk,1.000000
75681,Rusk,1.000000
75682,Rusk,1.000000
75683,Upshur,0.830412
75683,Marion,0.169588
75684,Rusk,0.828357
75684,Smith,0.171643
75686,Camp,0.693999
75686,Upshur,0.185655
75686,Titus,0.107073
75686,Morris,0.013272
75687,Rusk,1.000000
75689,Rusk,1.000000
75691,Rusk,0.783233
75691,Panola,0.216767
75692,Harrison,0.938413
75692,Panola,0.061587
75693,Gregg,1.000000
75694,Harrison,1.000000
75701,Smith,1.000000
75702,Smith,1.000000
75703,Smith,1.000000
75704,Smith,1.000000
75705,Smith,1.000000
75706,Smith,1.000000
75707,Smith,1.000000
75708,Smith,1.000000
75709,Smith,1.000000
75711,Smith,1.000000
75750,Smith,1.000000
75751,Henderson,0.681276
75751,Anderson,0.318724
75752,Henderson,0.895675
75752,Van Zandt,0.096452
75752,Anderson,0.007873
75754,Van Zandt,1.000000
75755,Upshur,0.952404
75755,Wood,0.047596
75756,Henderson,0.969613
75756,Van Zandt,0.030387
75757,Cherokee,0.693742
75757,Smith,0.306258
75758,Henderson,0.799151
75758,Van Zandt,0.200849
75759,Cherokee,1.000000
75760,Nacogdoches,0.680365
75760,Rusk,0.319635
75762,Smith,1.000000
75763,Anderson,0.690925
75763,Henderson,0.309075
75764,Cherokee,1.000000
75765,Wood,0.989307
75765,Upshur,0.010693
75766,Cherokee,1.000000
75770,Henderson,1.000000
75771,Smith,1.000000
75773,Wood,0.824353
75773,Smith,0.175647
75778,Henderson,0.869027
75778,Van Zandt,0.130973
75779,Anderson,1.000000
75780,Cherokee,1.000000
75782,Henderson,1.000000
75783,Wood,1.000000
75784,Rusk,0.615890
75784,Cherokee,0.384110
75785,Cherokee,1.000000
75788,Nacogdoches,1.000000
75789,Cherokee,0.635241
75789,Smith,0.359584
75789,Rusk,0.005175
75790,Van Zandt,0.958583
75790,Smith,0.041417
75791,Smith,1.000000
75792,Smith,1.000000
75801,Anderson,1.000000
75803,Anderson,0.996495
75803,Henderson,0.003505
75831,Leon,0.701817
75831,Freestone,0.298183
75833,Leon,1.000000
75835,Houston,1.000000
75838,Freestone,0.891152
75838,Limestone,0.108848
75839,Anderson,0.962213
75839,Houston,0.037787
75840,Freestone,1.000000
75844,Houston,0.822428
75844,Anderson,0.177572
75845,Trinity,1.000000
75846,Leon,0.814676
75846,Limestone,0.185324
75847,Houston,0.869173
75847,Trinity,0.130827
75848,Freestone,1.000000
75849,Houston,1.000000
75850,Leon,1.000000
75851,Houston,0.881238
75851,Trinity,0.118762
75852,Madison,0.777514
75852,Walker,0.222486
75853,Anderson,0.977876
75853,Henderson,0.022124
75855,Leon,0.580354
75855,Freestone,0.419646
75856,Houston,0.709822
75856,Trinity,0.290178
75858,Houston,1.000000
75859,Freestone,0.756339
75859,Navarro,0.243661
75860,Freestone,1.000000
75861,Anderson,1.000000
75862,Trinity,0.788033
75862,Walker,0.211967
75865,Trinity,1.000000
75884,Anderson,1.000000
75886,Anderson,1.000000
75901,Angelina,1.000000
75903,Angelina,1.000000
75904,Angelina,0.850289
75904,Trinity,0.149711
75925,Cherokee,1.000000
75926,Trinity,1.000000
75928,Newton,1.000000
75929,San Augustine,1.000000
75930,San Augustine,0.562941
75930,Sabine,0.437059
75931,Jasper,0.833370
75931,Sabine,0.166630
75932,Newton,1.000000
75933,Newton,0.916931
75933,Jasper,0.083069
75934,Polk,1.000000
75935,Shelby,0.893026
75935,San Augustine,0.106974
75936,Tyler,0.822123
75936,Polk,0.177877
75937,Nacogdoches,1.000000
75938,Tyler,1.000000
75939,Polk,1.000000
75941,Angelina,1.000000
75942,Tyler,1.000000
75943,Nacogdoches,1.000000
75944,Nacogdoches,1.000000
75946,Nacogdoches,0.681411
75946,Rusk,0.318589
75948,Sabine,0.958943
75948,Newton,0.041057
75949,Angelina,1.000000
75951,Jasper,0.994585
75951,Newton,0.005415
75954,Shelby,0.878661
75954,Panola,0.121339
75956,Jasper,0.881601
75956,Newton,0.118399
75959,Sabine,1.000000
75960,Polk,1.000000
75961,Nacogdoches,1.000000
75962,Nacogdoches,1.000000
75964,Nacogdoches,1.000000
75965,Nacogdoches,1.000000
75966,Newton,0.988544
75966,Jasper,0.011456
75968,Sabine,1.000000
75969,Angelina,0.854352
75969,Cherokee,0.145648
75972,San Augustine,0.787958
75972,Sabine,0.173876
75972,Shelby,0.038166
75973,Shelby,1.000000
75974,Shelby,0.594681
75974,Panola,0.405319
75975,Shelby,0.873775
75975,Panola,0.067838
75975,Rusk,0.058387
75976,Cherokee,1.000000
75977,Newton,1.000000
75979,Tyler,1.000000
75980,Angelina,0.883525
75980,Jasper,0.116475
76001,Tarrant,1.000000
76002,Tarrant,1.000000
76005,Tarrant,1.000000
76006,Tarrant,1.000000
76008,Parker,0.928703
76008,Tarrant,0.071297
76009,Johnson,1.000000
76010,Tarrant,1.000000
76011,Tarrant,1.000000
76012,Tarrant,1.000000
76013,Tarrant,1.000000
76014,Tarrant,1.000000
76015,Tarrant,1.000000
76016,Tarrant,1.000000
76017,Tarrant,1.000000
76018,Tarrant,1.000000
76020,Parker,0.668710
76020,Tarrant,0.295922
76020,Wise,0.035368
76021,Tarrant,1.000000
76022,Tarrant,1.000000
76023,Wise,0.971633
76023,Parker,0.028367
76028,Johnson,0.771031
76028,Tarrant,0.228969
76031,Johnson,1.000000
76033,Johnson,0.857198
76033,Somervell,0.071823
76033,Hood,0.070979
76034,Tarrant,1.000000
76035,Parker,0.591589
76035,Hood,0.215698
76035,Johnson,0.192714
76036,Tarrant,0.779568
76036,Johnson,0.220432
76039,Tarrant,1.000000
76040,Tarrant,1.000000
76041,Ellis,1.000000
76043,Somervell,0.818843
76043,Bosque,0.181157
76044,Johnson,1.000000
76048,Hood,0.942692
76048,Somervell,0.057308
76049,Hood,0.980017
76049,Parker,0.011965
76049,Johnson,0.008018
76050,Johnson,0.635556
76050,Hill,0.183548
76050,Ellis,0.180896
76051,Tarrant,0.983748
76051,Dallas,0.016252
76052,Tarrant,0.572327
76052,Denton,0.236702
76052,Wise,0.190971
76053,Tarrant,1.000000
76054,Tarrant,1.000000
76055,Hill,1.000000
76058,Johnson,1.000000
76059,Johnson,1.000000
76060,Tarrant,1.000000
76061,Johnson,1.000000
76063,Tarrant,0.743405
76063,Johnson,0.246012
76063,Ellis,0.010583
76064,Ellis,1.000000
76065,Ellis,0.998003
76065,Dallas,0.001997
76066,Parker,0.976379
76066,Palo Pinto,0.023621
76067,Palo Pinto,0.906690
76067,Parker,0.093310
76070,Somervell,0.907043
76070,Johnson,0.092957
76071,Wise,0.948963
76071,Tarrant,0.051037
76073,Wise,1.000000
76077,Somervell,1.000000
76078,Wise,0.996087
76078,Denton,0.003913
76082,Parker,0.738409
76082,Wise,0.261591
76084,Johnson,0.524158
76084,Ellis,0.475842
76085,Parker,1.000000
76086,Parker,1.000000
76087,Parker,0.955792
76087,Hood,0.044208
76088,Parker,1.000000
76092,Tarrant,0.916548
76092,Denton,0.083452
76093,Johnson,0.802067
76093,Hill,0.197933
76102,Tarrant,1.000000
76103,Tarrant,1.000000
76104,Tarrant,1.000000
76105,Tarrant,1.000000
76106,Tarrant,1.000000
76107,Tarrant,1.000000
76108,Tarrant,0.723003
76108,Parker,0.276997
76109,Tarrant,1.000000
76110,Tarrant,1.000000
76111,Tarrant,1.000000
76112,Tarrant,1.000000
76114,Tarrant,1.000000
76115,Tarrant,1.000000
76116,Tarrant,1.000000
76117,Tarrant,1.000000
76118,Tarrant,1.000000
76119,Tarrant,1.000000
76120,Tarrant,1.000000
76123,Tarrant,1.000000
76126,Tarrant,0.727545
76126,Parker,0.272455
76127,Tarrant,1.000000
76129,Tarrant,1.000000
76131,Tarrant,1.000000
76132,Tarrant,1.000000
76133,Tarrant,1.000000
76134,Tarrant,1.000000
76135,Tarrant,1.000000
76137,Tarrant,1.000000
76140,Tarrant,1.000000
76148,Tarrant,1.000000
76155,Tarrant,1.000000
76164,Tarrant,1.000000
76177,Tarrant,0.673241
76177,Denton,0.326759
76179,Tarrant,1.000000
76180,Tarrant,1.000000
76182,Tarrant,1.000000
76201,Denton,1.000000
76203,Denton,1.000000
76205,Denton,1.000000
76207,Denton,1.000000
76208,Denton,1.000000
76209,Denton,1.000000
76210,Denton,1.000000
76225,Wise,0.992673
76225,Montague,0.007327
76226,Denton,1.000000
76227,Denton,1.000000
76228,Clay,0.898207
76228,Montague,0.101793
76230,Montague,0.608205
76230,Jack,0.314010
76230,Clay,0.077785
76233,Grayson,0.759825
76233,Cooke,0.240175
76234,Wise,0.919561
76234,Cooke,0.058516
76234,Denton,0.021923
76238,Cooke,1.000000
76239,Montague,0.880520
76239,Cooke,0.119480
76240,Cooke,0.999427
76240,Grayson,0.000573
76241,Cooke,1.000000
76244,Tarrant,1.000000
76245,Grayson,1.000000
76247,Denton,0.965791
76247,Wise,0.034209
76248,Tarrant,1.000000
76249,Denton,0.954671
76249,Wise,0.045329
76250,Cooke,1.000000
76251,Montague,1.000000
76252,Cooke,0.978856
76252,Montague,0.021144
76253,Cooke,1.000000
76255,Montague,1.000000
76258,Denton,0.835827
76258,Grayson,0.150259
76258,Cooke,0.013914
76259,Denton,0.958599
76259,Wise,0.041401
76261,Montague,0.635796
76261,Clay,0.364204
76262,Denton,0.719433
76262,Tarrant,0.280567
76263,Cooke,1.000000
76264,Grayson,1.000000
76265,Montague,0.836971
76265,Cooke,0.163029
76266,Denton,0.970509
76266,Cooke,0.029491
76267,Wise,1.000000
76268,Grayson,1.000000
76270,Montague,0.713820
76270,Wise,0.286180
76271,Grayson,0.717572
76271,Cooke,0.282428
76272,Cooke,0.957356
76272,Denton,0.042644
76273,Grayson,0.518250
76273,Cooke,0.481750
76301,Wichita,1.000000
76302,Wichita,0.999514
76302,Archer,0.000486
76305,Clay,0.686135
76305,Wichita,0.313865
76306,Wichita,1.000000
76308,Wichita,0.867498
76308,Archer,0.132502
76309,Wichita,1.000000
76310,Archer,0.464202
76310,Wichita,0.270433
76310,Clay,0.265365
76311,Wichita,1.000000
76351,Archer,1.000000
76354,Wichita,1.000000
76357,Clay,1.000000
76360,Wichita,0.497454
76360,Wilbarger,0.433509
76360,Archer,0.064717
76360,Baylor,0.004320
76363,Knox,1.000000
76364,Wilbarger,1.000000
76365,Clay,0.968083
76365,Jack,0.031917
76366,Archer,1.000000
76367,Wichita,1.000000
76370,Archer,1.000000
76371,Knox,0.966790
76371,Haskell,0.033210
76372,Throckmorton,0.512367
76372,Young,0.487633
76373,Wilbarger,1.000000
76374,Young,0.783960
76374,Archer,0.184511
76374,Throckmorton,0.031528
76377,Clay,1.000000
76379,Archer,1.000000
76380,Baylor,0.922808
76380,Knox,0.077192
76384,Wilbarger,0.995767
76384,Foard,0.004233
76388,Haskell,1.000000
76389,Archer,0.719340
76389,Clay,0.213189
76389,Jack,0.067471
76401,Erath,1.000000
76402,Erath,1.000000
76424,Stephens,0.965804
76424,Young,0.034196
76426,Wise,0.874516
76426,Jack,0.125484
76427,Jack,1.000000
76429,Stephens,0.917801
76429,Palo Pinto,0.082199
76430,Shackelford,0.970839
76430,Throckmorton,0.029161
76431,Wise,0.744941
76431,Jack,0.255059
76432,Brown,0.578802
76432,Comanche,0.421198
76433,Erath,0.751412
76433,Somervell,0.131269
76433,Hood,0.117320
76435,Eastland,1.000000
76436,Comanche,0.856275
76436,Hamilton,0.112122
76436,Erath,0.031603
76437,Eastland,0.692894
76437,Callahan,0.156315
76437,Stephens,0.150791
76439,Parker,1.000000
76442,Comanche,0.908825
76442,Mills,0.076227
76442,Hamilton,0.014948
76443,Callahan,0.729066
76443,Brown,0.225286
76443,Coleman,0.045647
76444,Comanche,0.988783
76444,Erath,0.011217
76445,Eastland,0.800925
76445,Comanche,0.144571
76445,Erath,0.054504
76446,Erath,0.715197
76446,Comanche,0.284803
76448,Eastland,1.000000
76449,Palo Pinto,0.992017
76449,Jack,0.007983
76450,Young,0.850999
76450,Stephens,0.091841
76450,Palo Pinto,0.057161
76452,Comanche,1.000000
76453,Palo Pinto,0.807522
76453,Erath,0.192478
76454,Eastland,0.757351
76454,Comanche,0.242649
76455,Comanche,1.000000
76457,Hamilton,0.580346
76457,Erath,0.339615
76457,Bosque,0.080039
76458,Jack,0.994581
76458,Wise,0.005419
76459,Jack,1.000000
76460,Young,1.000000
76462,Hood,0.365404
76462,Erath,0.256266
76462,Parker,0.247689
76462,Palo Pinto,0.130641
76463,Erath,0.892824
76463,Palo Pinto,0.107176
76464,Shackelford,0.581146
76464,Stephens,0.277335
76464,Callahan,0.141518
76466,Eastland,1.000000
76469,Callahan,1.000000
76470,Eastland,0.543988
76470,Stephens,0.456012
76471,Eastland,0.641410
76471,Brown,0.273926
76471,Comanche,0.084664
76472,Palo Pinto,1.000000
76474,Comanche,0.965275
76474,Brown,0.034725
76475,Palo Pinto,0.729709
76475,Stephens,0.162093
76475,Eastland,0.108198
76476,Hood,1.000000
76481,Young,1.000000
76483,Throckmorton,1.000000
76484,Palo Pinto,1.000000
76486,Jack,0.665340
76486,Palo Pinto,0.171408
76486,Parker,0.163253
76487,Parker,0.661075
76487,Wise,0.235385
76487,Jack,0.103539
76490,Parker,1.000000
76491,Throckmorton,0.986096
76491,Stephens,0.013904
76501,Bell,1.000000
76502,Bell,1.000000
76504,Bell,1.000000
76511,Bell,0.571015
76511,Williamson,0.366734
76511,Milam,0.062251
76513,Bell,1.000000
76518,Milam,1.000000
76519,Milam,0.570424
76519,Bell,0.283737
76519,Falls,0.145839
76520,Milam,1.000000
76522,Coryell,0.802621
76522,Lampasas,0.197379
76523,Milam,1.000000
76524,Falls,0.803588
76524,McLennan,0.196412
76525,Hamilton,0.514624
76525,Coryell,0.271635
76525,Lampasas,0.213741
76527,Williamson,0.857373
76527,Burnet,0.076394
76527,Bell,0.066233
76528,Coryell,0.983905
76528,Bell,0.016095
76530,Williamson,1.000000
76531,Hamilton,0.961674
76531,Comanche,0.024662
76531,Mills,0.013664
76534,Bell,0.932347
76534,Milam,0.067653
76537,Williamson,1.000000
76538,Hamilton,0.690692
76538,Coryell,0.309308
76539,Lampasas,0.714259
76539,Burnet,0.217570
76539,Bell,0.050559
76539,Coryell,0.017611
76541,Bell,1.000000
76542,Bell,1.000000
76543,Bell,1.000000
76544,Coryell,0.791362
76544,Bell,0.208638
76548,Bell,1.000000
76549,Bell,0.885353
76549,Burnet,0.113863
76549,Coryell,0.000784
76550,Lampasas,0.584391
76550,Burnet,0.415609
76554,Bell,1.000000
76556,Milam,0.992323
76556,Burleson,0.007677
76557,Bell,0.450410
76557,McLennan,0.414421
76557,Coryell,0.135169
76559,Bell,1.000000
76561,Coryell,0.894772
76561,McLennan,0.105228
76565,Hamilton,1.000000
76566,Coryell,0.683814
76566,Hamilton,0.316186
76567,Milam,0.905751
76567,Burleson,0.094249
76569,Bell,0.724096
76569,Milam,0.275904
76570,Falls,0.665436
76570,Milam,0.330284
76570,Bell,0.004280
76571,Bell,1.000000
76573,Williamson,1.000000
76574,Williamson,0.998553
76574,Travis,0.001447
76577,Milam,0.903658
76577,Williamson,0.096342
76578,Williamson,0.992191
76578,Milam,0.007809
76579,Bell,0.854318
76579,Falls,0.145682
76596,Coryell,1.000000
76597,Coryell,1.000000
76598,Coryell,1.000000
76599,Coryell,1.000000
76621,Hill,0.962838
76621,McLennan,0.037162
76622,Hill,0.979143
76622,McLennan,0.020857
76623,Ellis,1.000000
76624,McLennan,0.877980
76624,Limestone,0.122020
76626,Navarro,0.947897
76626,Ellis,0.052103
76627,Hill,1.000000
76628,Hill,1.000000
76629,Robertson,0.816488
76629,Falls,0.183512
76630,McLennan,0.925260
76630,Falls,0.074740
76631,Hill,1.000000
76632,Falls,1.000000
76633,McLennan,0.730306
76633,Bosque,0.269694
76634,Bosque,0.978558
76634,Coryell,0.021442
76635,Limestone,1.000000
76636,Hill,1.000000
76637,Bosque,0.566130
76637,Hamilton,0.433870
76638,McLennan,1.000000
76639,Navarro,1.000000
76640,McLennan,1.000000
76641,Navarro,0.913072
76641,Ellis,0.086928
76642,Limestone,1.000000
76643,McLennan,1.000000
76645,Hill,1.000000
76648,Hill,0.754451
76648,Limestone,0.142609
76648,Navarro,0.102940
76649,Bosque,0.792042
76649,Erath,0.207958
76650,Hill,1.000000
76651,Ellis,1.000000
76652,Bosque,1.000000
76653,Limestone,0.579798
76653,Falls,0.331055
76653,Robertson,0.089148
76654,McLennan,1.000000
76655,McLennan,0.833596
76655,Falls,0.166404
76656,Falls,1.000000
76657,McLennan,0.924738
76657,Coryell,0.075262
76660,Hill,1.000000
76661,Falls,1.000000
76664,Limestone,0.647549
76664,McLennan,0.281868
76664,Falls,0.070584
76665,Bosque,1.000000
76666,Hill,0.631042
76666,Navarro,0.368958
76667,Limestone,0.819754
76667,Freestone,0.180246
76670,Ellis,0.625066
76670,Hill,0.374934
76671,Bosque,1.000000
76673,Hill,0.613562
76673,Limestone,0.377291
76673,McLennan,0.009147
76676,Hill,1.000000
76678,Limestone,1.000000
76679,Navarro,1.000000
76680,Falls,1.000000
76681,Navarro,1.000000
76682,Falls,0.608627
76682,McLennan,0.391373
76685,Falls,1.000000
76686,Limestone,1.000000
76687,Limestone,0.826659
76687,Robertson,0.163792
76687,Falls,0.009549
76689,Bosque,0.585592
76689,McLennan,0.280030
76689,Coryell,0.134378
76690,Bosque,0.618902
76690,Somervell,0.347765
76690,Erath,0.033333
76691,McLennan,0.926481
76691,Hill,0.073519
76692,Hill,1.000000
76693,Freestone,0.523250
76693,Navarro,0.374696
76693,Limestone,0.102054
76701,McLennan,1.000000
76704,McLennan,1.000000
76705,McLennan,1.000000
76706,McLennan,0.957065
76706,Falls,0.042935
76707,McLennan,1.000000
76708,McLennan,1.000000
76710,McLennan,1.000000
76711,McLennan,1.000000
76712,McLennan,1.000000
76798,McLennan,1.000000
76801,Brown,0.947334
76801,Coleman,0.030703
76801,Mills,0.021964
76802,Brown,1.000000
76820,Mason,1.000000
76821,Runnels,1.000000
76823,Brown,0.874892
76823,Coleman,0.125108
76824,San Saba,1.000000
76825,McCulloch,0.972269
76825,Mason,0.027731
76827,Brown,0.930923
76827,Coleman,0.069077
76828,Coleman,1.000000
76831,Llano,1.000000
76832,San Saba,1.000000
76834,Coleman,1.000000
76836,McCulloch,0.611552
76836,Concho,0.388448
76837,Concho,1.000000
76841,Schleicher,0.674665
76841,Menard,0.315267
76841,Kimble,0.010068
76842,Mason,0.593482
76842,San Saba,0.406518
76844,Mills,0.953909
76844,Hamilton,0.032276
76844,Lampasas,0.013815
76845,Coleman,1.000000
76848,Menard,1.000000
76849,Kimble,0.970025
76849,Kerr,0.029975
76852,McCulloch,1.000000
76853,Lampasas,0.877211
76853,Mills,0.115837
76853,San Saba,0.006952
76854,Kimble,0.857962
76854,Menard,0.142038
76856,Mason,1.000000
76857,Brown,0.958723
76857,Comanche,0.041277
76858,Concho,0.663222
76858,McCulloch,0.336778
76859,Menard,0.856468
76859,Kimble,0.143532
76861,Tom Green,0.600088
76861,Runnels,0.399912
76862,Concho,1.000000
76864,Mills,1.000000
76865,Runnels,1.000000
76866,Concho,1.000000
76869,San Saba,0.390780
76869,Mason,0.382728
76869,Llano,0.226492
76870,Mills,1.000000
76871,San Saba,0.908399
76871,McCulloch,0.091601
76872,McCulloch,0.792911
76872,San Saba,0.207089
76873,Coleman,1.000000
76874,Kimble,0.567645
76874,Sutton,0.432355
76875,Runnels,0.626503
76875,Concho,0.373497
76877,San Saba,1.000000
76878,Coleman,1.000000
76880,Mills,1.000000
76882,Runnels,0.550720
76882,Coleman,0.449280
76884,Coleman,1.000000
76885,Llano,1.000000
76887,McCulloch,1.000000
76888,Coleman,1.000000
76890,Brown,0.782254
76890,Mills,0.197548
76890,Comanche,0.020198
76901,Tom Green,0.722716
76901,Irion,0.277284
76902,Tom Green,1.000000
76903,Tom Green,1.000000
76904,Tom Green,0.920871
76904,Irion,0.079129
76905,Tom Green,1.000000
76908,Tom Green,1.000000
76909,Tom Green,1.000000
76930,Irion,0.501925
76930,Crockett,0.498075
76932,Reagan,0.630058
76932,Crockett,0.369942
76933,Coke,0.697490
76933,Runnels,0.302510
76934,Tom Green,1.000000
76935,Schleicher,0.512999
76935,Tom Green,0.487001
76936,Schleicher,1.000000
76937,Tom Green,0.803897
76937,Concho,0.196103
76939,Tom Green,1.000000
76940,Tom Green,1.000000
76941,Irion,1.000000
76943,Crockett,0.743775
76943,Val Verde,0.256225
76945,Coke,0.947878
76945,Tom Green,0.041331
76945,Sterling,0.010791
76950,Sutton,0.793126
76950,Edwards,0.132594
76950,Val Verde,0.074280
76951,Sterling,1.000000
76953,Coke,1.000000
76955,Tom Green,0.741624
76955,Concho,0.258376
76957,Tom Green,1.000000
76958,Tom Green,1.000000
77002,Harris,1.000000
77003,Harris,1.000000
77004,Harris,1.000000
77005,Harris,1.000000
77006,Harris,1.000000
77007,Harris,1.000000
77008,Harris,1.000000
77009,Harris,1.000000
77010,Harris,1.000000
77011,Harris,1.000000
77012,Harris,1.000000
77013,Harris,1.000000
77014,Harris,1.000000
77015,Harris,1.000000
77016,Harris,1.000000
77017,Harris,1.000000
77018,Harris,1.000000
77019,Harris,1.000000
77020,Harris,1.000000
77021,Harris,1.000000
77022,Harris,1.000000
77023,Harris,1.000000
77024,Harris,1.000000
77025,Harris,1.000000
77026,Harris,1.000000
77027,Harris,1.000000
77028,Harris,1.000000
77029,Harris,1.000000
77030,Harris,1.000000
77031,Harris,0.991207
77031,Fort Bend,0.008793
77032,Harris,1.000000
77033,Harris,1.000000
77034,Harris,1.000000
77035,Harris,1.000000
77036,Harris,1.000000
77037,Harris,1.000000
77038,Harris,1.000000
77039,Harris,1.000000
77040,Harris,1.000000
77041,Harris,1.000000
77042,Harris,1.000000
77043,Harris,1.000000
77044,Harris,1.000000
77045,Harris,1.000000
77046,Harris,1.000000
77047,Harris,1.000000
77048,Harris,1.000000
77049,Harris,1.000000
77050,Harris,1.000000
77051,Harris,1.000000
77053,Fort Bend,0.689743
77053,Harris,0.310257
77054,Harris,1.000000
77055,Harris,1.000000
77056,Harris,1.000000
77057,Harris,1.000000
77058,Harris,1.000000
77059,Harris,1.000000
77060,Harris,1.000000
77061,Harris,1.000000
77062,Harris,1.000000
77063,Harris,1.000000
77064,Harris,1.000000
77065,Harris,1.000000
77066,Harris,1.000000
77067,Harris,1.000000
77068,Harris,1.000000
77069,Harris,1.000000
77070,Harris,1.000000
77071,Harris,1.000000
77072,Harris,1.000000
77073,Harris,1.000000
77074,Harris,1.000000
77075,Harris,1.000000
77076,Harris,1.000000
77077,Harris,1.000000
77078,Harris,1.000000
77079,Harris,1.000000
77080,Harris,1.000000
77081,Harris,1.000000
77082,Harris,0.997888
77082,Fort Bend,0.002112
77083,Harris,0.598549
77083,Fort Bend,0.401451
77084,Harris,1.000000
77085,Harris,0.969276
77085,Fort Bend,0.030724
77086,Harris,1.000000
77087,Harris,1.000000
77088,Harris,1.000000
77089,Harris,1.000000
77090,Harris,1.000000
77091,Harris,1.000000
77092,Harris,1.000000
77093,Harris,1.000000
77094,Harris,1.000000
77095,Harris,1.000000
77096,Harris,1.000000
77098,Harris,1.000000
77099,Harris,0.950777
77099,Fort Bend,0.049223
77204,Harris,1.000000
77301,Montgomery,1.000000
77302,Montgomery,1.000000
77303,Montgomery,1.000000
77304,Montgomery,1.000000
77306,Montgomery,1.000000
77316,Montgomery,0.961345
77316,Grimes,0.038655
77318,Montgomery,1.000000
77320,Walker,0.937638
77320,San Jacinto,0.062362
77326,Polk,1.000000
77327,Liberty,0.999099
77327,Montgomery,0.000901
77328,San Jacinto,0.699739
77328,Montgomery,0.216727
77328,Liberty,0.083534
77331,San Jacinto,1.000000
77334,Walker,1.000000
77335,Polk,1.000000
77336,Harris,1.000000
77338,Harris,1.000000
77339,Harris,0.759481
77339,Montgomery,0.240519
77340,Walker,1.000000
77341,Walker,1.000000
77342,Walker,1.000000
77345,Harris,1.000000
77346,Harris,1.000000
77350,Polk,1.000000
77351,Polk,1.000000
77354,Montgomery,1.000000
77355,Montgomery,0.900723
77355,Waller,0.099277
77356,Montgomery,0.977088
77356,Grimes,0.022912
77357,Montgomery,0.820261
77357,Harris,0.103689
77357,Liberty,0.076050
77358,Walker,0.719338
77358,San Jacinto,0.215740
77358,Montgomery,0.064922
77359,San Jacinto,1.000000
77360,Polk,1.000000
77362,Montgomery,1.000000
77363,Grimes,0.980951
77363,Waller,0.019049
77364,San Jacinto,1.000000
77365,Montgomery,0.961946
77365,Harris,0.038054
77367,Walker,1.000000
77368,Liberty,1.000000
77369,Liberty,0.973407
77369,Hardin,0.026593
77371,San Jacinto,0.999163
77371,Liberty,0.000837
77372,Montgomery,0.874605
77372,Liberty,0.125395
77373,Harris,1.000000
77374,Hardin,1.000000
77375,Harris,1.000000
77376,Hardin,1.000000
77377,Harris,1.000000
77378,Montgomery,0.605005
77378,San Jacinto,0.394995
77379,Harris,1.000000
77380,Montgomery,1.000000
77381,Montgomery,1.000000
77382,Montgomery,1.000000
77384,Montgomery,1.000000
77385,Montgomery,1.000000
77386,Montgomery,1.000000
77388,Harris,1.000000
77389,Harris,1.000000
77396,Harris,1.000000
77401,Harris,1.000000
77406,Fort Bend,1.000000
77407,Fort Bend,1.000000
77412,Colorado,1.000000
77414,Matagorda,1.000000
77415,Matagorda,1.000000
77417,Fort Bend,1.000000
77418,Austin,1.000000
77419,Matagorda,1.000000
77420,Wharton,0.616824
77420,Matagorda,0.264367
77420,Fort Bend,0.118808
77422,Brazoria,1.000000
77423,Waller,0.921096
77423,Fort Bend,0.078904
77426,Washington,0.785568
77426,Austin,0.214432
77428,Matagorda,1.000000
77429,Harris,1.000000
77430,Brazoria,0.784527
77430,Fort Bend,0.215473
77431,Brazoria,1.000000
77432,Wharton,1.000000
77433,Harris,1.000000
77434,Colorado,0.657182
77434,Wharton,0.342818
77435,Wharton,0.896653
77435,Fort Bend,0.072918
77435,Colorado,0.030429
77436,Wharton,1.000000
77437,Wharton,1.000000
77440,Matagorda,1.000000
77441,Fort Bend,1.000000
77442,Colorado,1.000000
77443,Wharton,1.000000
77444,Fort Bend,0.503811
77444,Brazoria,0.496189
77445,Waller,1.000000
77446,Waller,1.000000
77447,Harris,0.665158
77447,Waller,0.285731
77447,Montgomery,0.049111
77448,Wharton,1.000000
77449,Harris,1.000000
77450,Harris,0.654589
77450,Fort Bend,0.345411
77451,Fort Bend,1.000000
77453,Wharton,1.000000
77454,Wharton,1.000000
77455,Wharton,0.890828
77455,Colorado,0.054982
77455,Jackson,0.054189
77456,Matagorda,1.000000
77457,Matagorda,1.000000
77458,Matagorda,1.000000
77459,Fort Bend,1.000000
77460,Colorado,1.000000
77461,Fort Bend,1.000000
77464,Fort Bend,1.000000
77465,Matagorda,0.771046
77465,Jackson,0.201893
77465,Calhoun,0.027061
77466,Waller,1.000000
77467,Wharton,1.000000
77468,Matagorda,1.000000
77469,Fort Bend,1.000000
77470,Colorado,1.000000
77471,Fort Bend,1.000000
77473,Austin,1.000000
77474,Austin,0.980830
77474,Colorado,0.019170
77475,Colorado,1.000000
77476,Fort Bend,1.000000
77477,Fort Bend,0.947525
77477,Harris,0.052475
77478,Fort Bend,1.000000
77479,Fort Bend,1.000000
77480,Brazoria,0.817769
77480,Matagorda,0.182231
77481,Fort Bend,1.000000
77482,Matagorda,1.000000
77483,Matagorda,1.000000
77484,Waller,0.781728
77484,Harris,0.207364
77484,Grimes,0.010908
77485,Austin,0.598742
77485,Fort Bend,0.401258
77486,Brazoria,1.000000
77488,Wharton,1.000000
77489,Fort Bend,0.963702
77489,Harris,0.036298
77493,Harris,0.680943
77493,Waller,0.317998
77493,Fort Bend,0.001060
77494,Fort Bend,0.849934
77494,Waller,0.079949
77494,Harris,0.070116
77498,Fort Bend,1.000000
77502,Harris,1.000000
77503,Harris,1.000000
77504,Harris,1.000000
77505,Harris,1.000000
77506,Harris,1.000000
77507,Harris,1.000000
77510,Galveston,0.936652
77510,Brazoria,0.063348
77511,Brazoria,0.865562
77511,Galveston,0.134438
77514,Chambers,1.000000
77515,Brazoria,1.000000
77517,Galveston,0.750016
77517,Brazoria,0.249984
77518,Galveston,1.000000
77519,Hardin,1.000000
77520,Harris,0.956625
77520,Chambers,0.043375
77521,Harris,0.772647
77521,Chambers,0.227353
77523,Chambers,0.953653
77523,Harris,0.046347
77530,Harris,1.000000
77531,Brazoria,1.000000
77532,Harris,1.000000
77533,Liberty,1.000000
77534,Brazoria,1.000000
77535,Liberty,0.966153
77535,Chambers,0.031413
77535,Harris,0.002434
77536,Harris,1.000000
77538,Liberty,1.000000
77539,Galveston,1.000000
77541,Brazoria,1.000000
77545,Fort Bend,0.992333
77545,Brazoria,0.007667
77546,Galveston,0.671309
77546,Harris,0.309344
77546,Brazoria,0.019348
77547,Harris,1.000000
77550,Galveston,1.000000
77551,Galveston,1.000000
77554,Galveston,1.000000
77555,Galveston,1.000000
77560,Chambers,1.000000
77561,Liberty,1.000000
77562,Harris,1.000000
77563,Galveston,1.000000
77564,Liberty,0.763209
77564,Hardin,0.236791
77565,Galveston,1.000000
77566,Brazoria,1.000000
77568,Galveston,1.000000
77571,Harris,1.000000
77573,Galveston,1.000000
77575,Liberty,0.973932
77575,Chambers,0.026068
77577,Brazoria,1.000000
77578,Brazoria,1.000000
77580,Chambers,1.000000
77581,Brazoria,0.942882
77581,Harris,0.057118
77582,Liberty,1.000000
77583,Brazoria,0.916234
77583,Fort Bend,0.083766
77584,Brazoria,0.958437
77584,Fort Bend,0.041563
77585,Hardin,1.000000
77586,Harris,1.000000
77587,Harris,1.000000
77590,Galveston,1.000000
77591,Galveston,1.000000
77597,Chambers,1.000000
77598,Harris,1.000000
77611,Orange,1.000000
77612,Jasper,0.651716
77612,Newton,0.348284
77613,Jefferson,1.000000
77614,Newton,1.000000
77615,Jasper,1.000000
77616,Tyler,1.000000
77617,Galveston,1.000000
77619,Jefferson,1.000000
77622,Jefferson,1.000000
77623,Galveston,1.000000
77624,Tyler,1.000000
77625,Hardin,1.000000
77627,Jefferson,1.000000
77629,Jefferson,0.731528
77629,Liberty,0.268472
77630,Orange,1.000000
77632,Orange,0.757838
77632,Newton,0.242162
77640,Jefferson,1.000000
77642,Jefferson,1.000000
77650,Galveston,1.000000
77651,Jefferson,1.000000
77655,Jefferson,1.000000
77656,Hardin,0.863636
77656,Tyler,0.136364
77657,Hardin,1.000000
77659,Hardin,1.000000
77660,Tyler,1.000000
77661,Chambers,1.000000
77662,Orange,0.846372
77662,Jasper,0.153628
77663,Hardin,0.836051
77663,Tyler,0.163949
77664,Tyler,0.904649
77664,Hardin,0.095351
77665,Chambers,0.753910
77665,Jefferson,0.246090
77701,Jefferson,1.000000
77702,Jefferson,1.000000
77703,Jefferson,1.000000
77705,Jefferson,1.000000
77706,Jefferson,1.000000
77707,Jefferson,1.000000
77708,Jefferson,1.000000
77713,Jefferson,1.000000
77801,Brazos,1.000000
77802,Brazos,1.000000
77803,Brazos,1.000000
77807,Brazos,0.849842
77807,Robertson,0.150158
77808,Brazos,0.842160
77808,Robertson,0.157840
77830,Grimes,1.000000
77831,Grimes,0.765238
77831,Walker,0.222376
77831,Madison,0.012386
77833,Washington,0.915182
77833,Austin,0.084818
77835,Washington,0.989215
77835,Austin,0.010785
77836,Burleson,0.979432
77836,Milam,0.020568
77837,Robertson,1.000000
77840,Brazos,1.000000
77843,Brazos,1.000000
77845,Brazos,1.000000
77852,Burleson,1.000000
77853,Lee,1.000000
77855,Leon,1.000000
77856,Robertson,1.000000
77857,Milam,1.000000
77859,Robertson,0.833971
77859,Brazos,0.166029
77861,Grimes,1.000000
77863,Burleson,1.000000
77864,Madison,1.000000
77865,Leon,1.000000
77866,Brazos,1.000000
77867,Robertson,1.000000
77868,Grimes,0.700720
77868,Brazos,0.284615
77868,Washington,0.007680
77868,Waller,0.006985
77871,Leon,0.611650
77871,Madison,0.388350
77872,Madison,0.959023
77872,Grimes,0.040977
77873,Montgomery,0.436060
77873,Grimes,0.352676
77873,Walker,0.211264
77875,Grimes,1.000000
77876,Grimes,1.000000
77878,Burleson,1.000000
77879,Burleson,1.000000
77880,Washington,1.000000
77882,Robertson,1.000000
77901,Victoria,1.000000
77904,Victoria,1.000000
77905,Victoria,0.907976
77905,Goliad,0.092024
77950,Aransas,0.740403
77950,Refugio,0.259597
77951,Victoria,1.000000
77954,DeWitt,0.950345
77954,Gonzales,0.049655
77957,Jackson,1.000000
77960,Goliad,1.000000
77961,Jackson,1.000000
77962,Jackson,1.000000
77963,Goliad,1.000000
77964,Lavaca,0.977765
77964,Colorado,0.022235
77968,Victoria,1.000000
77969,Jackson,1.000000
77970,Jackson,1.000000
77971,Jackson,1.000000
77973,Victoria,1.000000
77974,DeWitt,0.635919
77974,Victoria,0.364081
77975,Lavaca,1.000000
77976,Victoria,1.000000
77977,Victoria,1.000000
77978,Calhoun,1.000000
77979,Calhoun,0.803157
77979,Victoria,0.106594
77979,Jackson,0.090249
77982,Calhoun,1.000000
77983,Calhoun,1.000000
77984,Lavaca,0.646847
77984,Gonzales,0.338559
77984,DeWitt,0.014594
77986,Lavaca,1.000000
77987,Lavaca,1.000000
77988,Victoria,1.000000
77990,Refugio,0.790896
77990,Calhoun,0.209104
77991,Jackson,1.000000
77993,Goliad,1.000000
77994,DeWitt,0.926157
77994,Gonzales,0.073843
77995,DeWitt,0.481403
77995,Lavaca,0.430321
77995,Victoria,0.088275
78001,La Salle,1.000000
78002,Bexar,1.000000
78003,Bandera,0.852475
78003,Medina,0.147525
78004,Kendall,1.000000
78005,Frio,0.885430
78005,Atascosa,0.114570
78006,Kendall,0.921727
78006,Bexar,0.068321
78006,Comal,0.009951
78007,McMullen,1.000000
78008,Atascosa,0.925522
78008,Live Oak,0.074478
78009,Medina,1.000000
78010,Kerr,1.000000
78011,Atascosa,1.000000
78012,Atascosa,1.000000
78013,Kendall,0.503227
78013,Kerr,0.496773
78014,La Salle,0.976824
78014,Dimmit,0.023176
78015,Kendall,0.467883
78015,Bexar,0.428228
78015,Comal,0.103889
78016,Medina,0.957354
78016,Frio,0.042646
78017,Frio,0.876158
78017,La Salle,0.123842
78019,Webb,0.841785
78019,La Salle,0.158215
78021,La Salle,0.640457
78021,McMullen,0.359543
78022,Live Oak,0.885830
78022,McMullen,0.114170
78023,Bexar,0.848761
78023,Medina,0.136160
78023,Bandera,0.015079
78024,Kerr,0.953832
78024,Real,0.046168
78025,Kerr,1.000000
78026,Atascosa,0.723815
78026,McMullen,0.276185
78027,Kendall,1.000000
78028,Kerr,0.837822
78028,Gillespie,0.162178
78029,Kerr,1.000000
78039,Medina,0.709588
78039,Bexar,0.290412
78040,Webb,1.000000
78041,Webb,1.000000
78043,Webb,1.000000
78044,Webb,1.000000
78045,Webb,1.000000
78046,Webb,1.000000
78050,Atascosa,1.000000
78052,Atascosa,0.764623
78052,Medina,0.159808
78052,Bexar,0.075570
78055,Bandera,0.975982
78055,Kerr,0.024018
78056,Medina,1.000000
78057,Frio,0.836411
78057,Medina,0.163589
78058,Kerr,0.784867
78058,Real,0.179848
78058,Gillespie,0.035285
78059,Medina,1.000000
78061,Frio,1.000000
78062,Atascosa,1.000000
78063,Bandera,0.999607
78063,Kerr,0.000393
78064,Atascosa,0.959366
78064,Wilson,0.040634
78065,Atascosa,1.000000
78066,Medina,1.000000
78067,Zapata,1.000000
78069,Atascosa,0.721816
78069,Bexar,0.278184
78070,Comal,0.822038
78070,Kendall,0.099839
78070,Blanco,0.078123
78071,Live Oak,0.892329
78071,McMullen,0.107671
78072,McMullen,1.000000
78073,Bexar,0.894421
78073,Atascosa,0.105579
78074,Kendall,1.000000
78075,Live Oak,0.940405
78075,McMullen,0.059595
78076,Zapata,1.000000
78101,Bexar,0.521842
78101,Wilson,0.478158
78102,Bee,0.942370
78102,Live Oak,0.057630
78104,Bee,1.000000
78107,Goliad,1.000000
78108,Guadalupe,0.871814
78108,Bexar,0.100753
78108,Comal,0.027434
78109,Bexar,1.000000
78111,Karnes,1.000000
78112,Bexar,0.987970
78112,Wilson,0.012030
78113,Wilson,0.401106
78113,Atascosa,0.320031
78113,Karnes,0.278863
78114,Wilson,0.926024
78114,Atascosa,0.073976
78116,Karnes,1.000000
78117,Karnes,1.000000
78118,Karnes,0.891382
78118,Live Oak,0.074233
78118,Atascosa,0.034385
78119,Karnes,0.547253
78119,Bee,0.336446
78119,Live Oak,0.116301
78121,Wilson,0.751522
78121,Guadalupe,0.248478
78122,Gonzales,1.000000
78123,Guadalupe,1.000000
78124,Guadalupe,0.875159
78124,Bexar,0.124841
78125,Bee,1.000000
78130,Guadalupe,0.560265
78130,Comal,0.434741
78130,Hays,0.004994
78132,Comal,0.994676
78132,Guadalupe,0.005324
78133,Comal,1.000000
78140,Gonzales,0.676001
78140,Wilson,0.271996
78140,Guadalupe,0.032697
78140,Karnes,0.019306
78141,DeWitt,0.783198
78141,Karnes,0.216802
78142,Bee,1.000000
78143,Wilson,1.000000
78144,Karnes,1.000000
78145,Bee,1.000000
78146,Bee,1.000000
78147,Wilson,1.000000
78148,Bexar,1.000000
78150,Bexar,1.000000
78151,Karnes,0.951855
78151,DeWitt,0.048145
78152,Bexar,1.000000
78154,Bexar,0.563635
78154,Guadalupe,0.319323
78154,Comal,0.117042
78155,Guadalupe,1.000000
78159,Gonzales,1.000000
78160,Wilson,1.000000
78161,Wilson,1.000000
78162,Bee,1.000000
78163,Comal,1.000000
78164,DeWitt,0.872869
78164,Goliad,0.127131
78201,Bexar,1.000000
78202,Bexar,1.000000
78203,Bexar,1.000000
78204,Bexar,1.000000
78205,Bexar,1.000000
78207,Bexar,1.000000
78208,Bexar,1.000000
78209,Bexar,1.000000
78210,Bexar,1.000000
78211,Bexar,1.000000
78212,Bexar,1.000000
78213,Bexar,1.000000
78214,Bexar,1.000000
78215,Bexar,1.000000
78216,Bexar,1.000000
78217,Bexar,1.000000
78218,Bexar,1.000000
78219,Bexar,1.000000
78220,Bexar,1.000000
78221,Bexar,1.000000
78222,Bexar,1.000000
78223,Bexar,0.915501
78223,Wilson,0.084499
78224,Bexar,1.000000
78225,Bexar,1.000000
78226,Bexar,1.000000
78227,Bexar,1.000000
78228,Bexar,1.000000
78229,Bexar,1.000000
78230,Bexar,1.000000
78231,Bexar,1.000000
78232,Bexar,1.000000
78233,Bexar,1.000000
78234,Bexar,1.000000
78235,Bexar,1.000000
78236,Bexar,1.000000
78237,Bexar,1.000000
78238,Bexar,1.000000
78239,Bexar,1.000000
78240,Bexar,1.000000
78242,Bexar,1.000000
78243,Bexar,1.000000
78244,Bexar,1.000000
78245,Bexar,1.000000
78247,Bexar,1.000000
78248,Bexar,1.000000
78249,Bexar,1.000000
78250,Bexar,1.000000
78251,Bexar,1.000000
78252,Bexar,1.000000
78253,Bexar,0.627057
78253,Medina,0.372943
78254,Bexar,1.000000
78255,Bexar,1.000000
78256,Bexar,1.000000
78257,Bexar,1.000000
78258,Bexar,1.000000
78259,Bexar,1.000000
78260,Bexar,1.000000
78261,Bexar,1.000000
78263,Bexar,1.000000
78264,Bexar,0.935782
78264,Atascosa,0.064218
78266,Comal,0.803630
78266,Bexar,0.196370
78330,Nueces,1.000000
78332,Jim Wells,0.847082
78332,Duval,0.152918
78336,San Patricio,0.669883
78336,Aransas,0.301069
78336,Nueces,0.029048
78338,Kenedy,1.000000
78339,Nueces,1.000000
78340,Refugio,1.000000
78341,Duval,1.000000
78342,Jim Wells,1.000000
78343,Nueces,1.000000
78344,Webb,1.000000
78347,Nueces,1.000000
78349,Duval,1.000000
78351,Nueces,1.000000
78352,San Patricio,1.000000
78353,Brooks,1.000000
78355,Brooks,0.846555
78355,Jim Wells,0.112823
78355,Kleberg,0.040622
78357,Duval,1.000000
78358,Aransas,1.000000
78359,San Patricio,1.000000
78360,Jim Hogg,1.000000
78361,Jim Hogg,0.876993
78361,Zapata,0.094351
78361,Duval,0.028656
78362,San Patricio,1.000000
78363,Kleberg,1.000000
78368,San Patricio,0.702154
78368,Live Oak,0.297846
78369,Webb,1.000000
78370,San Patricio,1.000000
78371,Webb,1.000000
78372,Jim Wells,0.773077
78372,Live Oak,0.129186
78372,Duval,0.097738
78373,Nueces,1.000000
78374,San Patricio,1.000000
78375,Jim Wells,1.000000
78376,Duval,1.000000
78377,Refugio,1.000000
78379,Kleberg,1.000000
78380,Nueces,0.997151
78380,Jim Wells,0.002849
78382,Aransas,1.000000
78383,Live Oak,0.622158
78383,Jim Wells,0.300952
78383,Nueces,0.076890
78384,Duval,0.986069
78384,Jim Wells,0.013931
78385,Kenedy,1.000000
78387,San Patricio,0.791421
78387,Bee,0.208579
78389,Bee,1.000000
78390,San Patricio,0.922544
78390,Aransas,0.077456
78391,Bee,1.000000
78393,Refugio,1.000000
78401,Nueces,1.000000
78402,Nueces,1.000000
78404,Nueces,1.000000
78405,Nueces,1.000000
78406,Nueces,1.000000
78407,Nueces,1.000000
78408,Nueces,1.000000
78409,Nueces,1.000000
78410,Nueces,1.000000
78411,Nueces,1.000000
78412,Nueces,1.000000
78413,Nueces,1.000000
78414,Nueces,1.000000
78415,Nueces,1.000000
78416,Nueces,1.000000
78417,Nueces,1.000000
78418,Kleberg,0.601051
78418,Nueces,0.398949
78419,Nueces,1.000000
78501,Hidalgo,1.000000
78503,Hidalgo,1.000000
78504,Hidalgo,1.000000
78516,Hidalgo,1.000000
78520,Cameron,1.000000
78521,Cameron,1.000000
78526,Cameron,1.000000
78535,Cameron,1.000000
78536,Starr,1.000000
78537,Hidalgo,1.000000
78538,Hidalgo,1.000000
78539,Hidalgo,1.000000
78540,Hidalgo,1.000000
78541,Hidalgo,1.000000
78542,Hidalgo,1.000000
78543,Hidalgo,1.000000
78545,Starr,0.686237
78545,Zapata,0.313763
78547,Starr,1.000000
78548,Starr,1.000000
78549,Hidalgo,1.000000
78550,Cameron,1.000000
78552,Cameron,1.000000
78557,Hidalgo,1.000000
78558,Hidalgo,1.000000
78559,Cameron,1.000000
78560,Hidalgo,1.000000
78561,Willacy,1.000000
78562,Hidalgo,1.000000
78563,Hidalgo,0.991996
78563,Starr,0.008004
78564,Zapata,1.000000
78565,Hidalgo,1.000000
78566,Cameron,1.000000
78567,Cameron,1.000000
78569,Willacy,0.795631
78569,Hidalgo,0.147791
78569,Cameron,0.056578
78570,Hidalgo,1.000000
78572,Hidalgo,1.000000
78573,Hidalgo,1.000000
78574,Hidalgo,1.000000
78575,Cameron,1.000000
78576,Hidalgo,1.000000
78577,Hidalgo,1.000000
78578,Cameron,1.000000
78579,Hidalgo,1.000000
78580,Willacy,0.918387
78580,Kenedy,0.081613
78582,Starr,1.000000
78583,Cameron,1.000000
78584,Starr,1.000000
78585,Starr,1.000000
78586,Cameron,1.000000
78588,Starr,1.000000
78589,Hidalgo,1.000000
78590,Willacy,1.000000
78591,Starr,1.000000
78592,Cameron,1.000000
78593,Cameron,1.000000
78594,Willacy,1.000000
78595,Hidalgo,0.783328
78595,Starr,0.216672
78596,Hidalgo,1.000000
78597,Cameron,1.000000
78598,Willacy,1.000000
78599,Hidalgo,1.000000
78602,Bastrop,1.000000
78605,Burnet,1.000000
78606,Blanco,0.751540
78606,Kendall,0.213363
78606,Comal,0.035097
78607,Llano,1.000000
78608,Burnet,1.000000
78609,Llano,1.000000
78610,Hays,0.714231
78610,Travis,0.262129
78610,Caldwell,0.023640
78611,Burnet,0.980209
78611,Llano,0.019791
78612,Bastrop,0.988402
78612,Travis,0.011598
78613,Williamson,0.886350
78613,Travis,0.113650
78614,Gonzales,1.000000
78615,Williamson,0.639374
78615,Travis,0.360626
78616,Caldwell,0.821147
78616,Bastrop,0.178486
78616,Travis,0.000367
78617,Travis,0.784130
78617,Bastrop,0.215870
78618,Gillespie,0.618050
78618,Mason,0.381950
78619,Hays,1.000000
78620,Hays,0.854536
78620,Travis,0.095638
78620,Blanco,0.049826
78621,Bastrop,0.625601
78621,Travis,0.145746
78621,Williamson,0.142743
78621,Lee,0.085910
78622,Caldwell,1.000000
78623,Comal,0.922344
78623,Hays,0.077656
78624,Gillespie,0.912858
78624,Kendall,0.087142
78626,Williamson,1.000000
78628,Williamson,1.000000
78629,Gonzales,0.981430
78629,DeWitt,0.018570
78631,Kimble,0.487871
78631,Gillespie,0.443026
78631,Kerr,0.069103
78632,Gonzales,0.589971
78632,Caldwell,0.410029
78633,Williamson,1.000000
78634,Williamson,0.995587
78634,Travis,0.004413
78635,Blanco,1.000000
78636,Blanco,1.000000
78638,Guadalupe,0.983332
78638,Gonzales,0.016668
78639,Llano,0.828101
78639,Burnet,0.171899
78640,Hays,0.836426
78640,Caldwell,0.149463
78640,Travis,0.014111
78641,Travis,0.628830
78641,Williamson,0.371170
78642,Williamson,0.919771
78642,Burnet,0.080229
78643,Llano,1.000000
78644,Caldwell,1.000000
78645,Travis,1.000000
78648,Caldwell,0.756769
78648,Guadalupe,0.154265
78648,Gonzales,0.088967
78650,Bastrop,0.710146
78650,Lee,0.289854
78652,Travis,0.564151
78652,Hays,0.435849
78653,Travis,0.988477
78653,Bastrop,0.011523
78654,Burnet,0.807697
78654,Travis,0.192303
78655,Caldwell,0.600337
78655,Guadalupe,0.399663
78656,Caldwell,0.970425
78656,Hays,0.029575
78657,Llano,0.692158
78657,Burnet,0.307842
78658,Gonzales,1.000000
78659,Bastrop,0.791124
78659,Lee,0.208876
78660,Travis,1.000000
78661,Caldwell,1.000000
78662,Bastrop,0.812389
78662,Caldwell,0.187611
78663,Blanco,0.933077
78663,Travis,0.037729
78663,Hays,0.019753
78663,Burnet,0.009441
78664,Williamson,0.856285
78664,Travis,0.143715
78665,Williamson,1.000000
78666,Hays,0.779239
78666,Guadalupe,0.157293
78666,Comal,0.043259
78666,Caldwell,0.020209
78669,Travis,0.435060
78669,Burnet,0.374743
78669,Blanco,0.190197
78670,Guadalupe,1.000000
78671,Gillespie,1.000000
78672,Llano,1.000000
78674,Williamson,1.000000
78675,Gillespie,1.000000
78676,Hays,0.924606
78676,Blanco,0.065969
78676,Comal,0.009425
78677,Gonzales,1.000000
78681,Williamson,1.000000
78701,Travis,1.000000
78702,Travis,1.000000
78703,Travis,1.000000
78704,Travis,1.000000
78705,Travis,1.000000
78712,Travis,1.000000
78717,Williamson,1.000000
78719,Travis,1.000000
78721,Travis,1.000000
78722,Travis,1.000000
78723,Travis,1.000000
78724,Travis,1.000000
78725,Travis,1.000000
78726,Travis,1.000000
78727,Travis,0.981397
78727,Williamson,0.018603
78728,Travis,0.783219
78728,Williamson,0.216781
78729,Williamson,0.883511
78729,Travis,0.116489
78730,Travis,1.000000
78731,Travis,1.000000
78732,Travis,1.000000
78733,Travis,1.000000
78734,Travis,1.000000
78735,Travis,1.000000
78736,Travis,0.967067
78736,Hays,0.032933
78737,Hays,0.711917
78737,Travis,0.288083
78738,Travis,1.000000
78739,Travis,0.922408
78739,Hays,0.077592
78741,Travis,1.000000
78742,Travis,1.000000
78744,Travis,1.000000
78745,Travis,1.000000
78746,Travis,1.000000
78747,Travis,1.000000
78748,Travis,1.000000
78749,Travis,1.000000
78750,Travis,0.780720
78750,Williamson,0.219280
78751,Travis,1.000000
78752,Travis,1.000000
78753,Travis,1.000000
78754,Travis,1.000000
78756,Travis,1.000000
78757,Travis,1.000000
78758,Travis,1.000000
78759,Travis,0.988797
78759,Williamson,0.011203
78801,Uvalde,0.976094
78801,Real,0.023906
78802,Uvalde,1.000000
78827,Dimmit,1.000000
78828,Real,0.651480
78828,Edwards,0.348520
78829,Zavala,1.000000
78830,Dimmit,1.000000
78832,Kinney,1.000000
78833,Real,0.760039
78833,Edwards,0.238860
78833,Uvalde,0.001100
78834,Dimmit,0.891055
78834,Zavala,0.108945
78836,Dimmit,1.000000
78837,Val Verde,1.000000
78838,Uvalde,1.000000
78839,Zavala,0.979440
78839,Dimmit,0.020560
78840,Val Verde,1.000000
78841,Val Verde,1.000000
78842,Val Verde,1.000000
78843,Val Verde,1.000000
78850,Medina,1.000000
78851,Terrell,1.000000
78852,Maverick,1.000000
78860,Maverick,1.000000
78861,Medina,1.000000
78870,Uvalde,1.000000
78871,Val Verde,1.000000
78872,Zavala,1.000000
78873,Real,1.000000
78877,Maverick,1.000000
78879,Real,0.768178
78879,Uvalde,0.231822
78880,Edwards,0.971775
78880,Real,0.028225
78881,Uvalde,1.000000
78883,Bandera,1.000000
78884,Bandera,0.526597
78884,Uvalde,0.370469
78884,Medina,0.102934
78885,Bandera,1.000000
78886,Medina,1.000000
78931,Austin,1.000000
78932,Washington,0.585135
78932,Fayette,0.414865
78933,Colorado,0.695175
78933,Austin,0.304825
78934,Colorado,1.000000
78935,Colorado,1.000000
78938,Fayette,1.000000
78940,Fayette,0.755160
78940,Colorado,0.165814
78940,Austin,0.079025
78941,Fayette,0.807425
78941,Gonzales,0.129005
78941,Bastrop,0.058858
78941,Lavaca,0.004712
78942,Lee,0.871397
78942,Fayette,0.078014
78942,Bastrop,0.050589
78943,Colorado,1.000000
78944,Austin,1.000000
78945,Fayette,0.991394
78945,Bastrop,0.007439
78945,Lee,0.001167
78946,Lee,0.612085
78946,Fayette,0.344376
78946,Washington,0.043538
78947,Lee,1.000000
78948,Lee,1.000000
78949,Fayette,1.000000
78950,Austin,0.690352
78950,Colorado,0.284042
78950,Fayette,0.025606
78951,Colorado,1.000000
78953,Bastrop,0.652272
78953,Caldwell,0.347728
78954,Fayette,0.917432
78954,Austin,0.082568
78956,Fayette,0.750102
78956,Lavaca,0.249898
78957,Bastrop,0.888901
78957,Fayette,0.111099
78959,Gonzales,0.798490
78959,Fayette,0.164173
78959,Caldwell,0.026544
78959,Bastrop,0.010792
78962,Colorado,0.846122
78962,Fayette,0.153878
78963,Fayette,1.000000
79001,Oldham,0.653086
79001,Deaf Smith,0.346914
79002,Gray,1.000000
79003,Hemphill,0.744118
79003,Wheeler,0.255882
79005,Lipscomb,0.739661
79005,Ochiltree,0.260339
79007,Hutchinson,1.000000
79008,Hutchinson,1.000000
79009,Parmer,1.000000
79010,Potter,0.713831
79010,Oldham,0.286169
79011,Wheeler,0.507858
79011,Hemphill,0.492142
79012,Randall,1.000000
79013,Moore,1.000000
79014,Hemphill,0.781603
79014,Lipscomb,0.187589
79014,Roberts,0.030808
79015,Randall,1.000000
79016,Randall,1.000000
79018,Hartley,0.652710
79018,Moore,0.190674
79018,Oldham,0.156616
79019,Armstrong,0.970455
79019,Randall,0.029545
79021,Hale,1.000000
79022,Dallam,0.577053
79022,Hartley,0.422947
79024,Lipscomb,1.000000
79025,Deaf Smith,1.000000
79027,Castro,0.992619
79027,Lamb,0.007381
79029,Moore,0.977276
79029,Hartley,0.022724
79031,Lamb,0.931873
79031,Castro,0.068127
79032,Hale,1.000000
79033,Ochiltree,1.000000
79034,Lipscomb,1.000000
79035,Parmer,0.698816
79035,Deaf Smith,0.301184
79036,Carson,0.667147
79036,Hutchinson,0.252516
79036,Potter,0.046555
79036,Moore,0.033782
79039,Carson,0.523767
79039,Gray,0.352174
79039,Armstrong,0.073421
79039,Donley,0.050638
79040,Hansford,0.629952
79040,Sherman,0.370048
79041,Hale,0.961008
79041,Lamb,0.038992
79042,Randall,0.479204
79042,Castro,0.234512
79042,Swisher,0.219819
79042,Armstrong,0.066465
79043,Castro,0.817303
79043,Lamb,0.127409
79043,Hale,0.055288
79044,Hartley,1.000000
79045,Deaf Smith,0.837129
79045,Castro,0.162871
79046,Lipscomb,0.871392
79046,Hemphill,0.128608
79051,Dallam,1.000000
79052,Swisher,0.879305
79052,Hale,0.090426
79052,Castro,0.030269
79053,Parmer,1.000000
79054,Gray,1.000000
79056,Lipscomb,1.000000
79057,Gray,0.442921
79057,Donley,0.355893
79057,Wheeler,0.138475
79057,Collingsworth,0.062711
79058,Potter,0.691904
79058,Moore,0.308096
79059,Roberts,0.890544
79059,Gray,0.109456
79061,Wheeler,0.909227
79061,Gray,0.090773
79062,Hutchinson,0.827133
79062,Hansford,0.172867
79063,Castro,1.000000
79064,Lamb,0.735614
79064,Hale,0.264386
79065,Gray,0.777044
79065,Roberts,0.222956
79066,Gray,1.000000
79068,Carson,0.991340
79068,Potter,0.008660
79070,Ochiltree,0.901504
79070,Roberts,0.085464
79070,Lipscomb,0.013032
79072,Hale,1.000000
79073,Hale,1.000000
79078,Hutchinson,1.000000
79079,Wheeler,0.587199
79079,Collingsworth,0.412801
79080,Hutchinson,0.860086
79080,Carson,0.139914
79081,Hansford,0.749889
79081,Hutchinson,0.119878
79081,Ochiltree,0.085797
79081,Roberts,0.044436
79082,Lamb,1.000000
79083,Hutchinson,0.716216
79083,Moore,0.283784
79084,Sherman,0.973289
79084,Dallam,0.026711
79085,Castro,1.000000
79086,Sherman,0.585216
79086,Moore,0.414784
79087,Dallam,1.000000
79088,Swisher,0.853972
79088,Briscoe,0.129422
79088,Castro,0.016606
79091,Randall,1.000000
79092,Oldham,0.839257
79092,Deaf Smith,0.160743
79093,Ochiltree,1.000000
79094,Armstrong,1.000000
79095,Collingsworth,0.965238
79095,Childress,0.034762
79096,Wheeler,1.000000
79097,Carson,0.948036
79097,Gray,0.051964
79098,Deaf Smith,0.464091
79098,Oldham,0.363953
79098,Randall,0.150082
79098,Potter,0.021874
79101,Potter,1.000000
79102,Potter,1.000000
79103,Potter,0.500082
79103,Randall,0.499918
79104,Potter,1.000000
79106,Potter,0.903277
79106,Randall,0.096723
79107,Potter,1.000000
79108,Potter,0.987318
79108,Carson,0.012682
79109,Randall,0.792745
79109,Potter,0.207255
79110,Randall,1.000000
79111,Potter,1.000000
79118,Randall,0.930648
79118,Potter,0.064681
79118,Armstrong,0.004670
79119,Randall,1.000000
79121,Randall,0.839032
79121,Potter,0.160968
79124,Potter,0.975386
79124,Randall,0.024614
79201,Childress,0.540063
79201,Cottle,0.188168
79201,Hall,0.163593
79201,Motley,0.108175
79220,Dickens,1.000000
79223,Cottle,1.000000
79225,Hardeman,0.769842
79225,Wilbarger,0.230158
79226,Donley,0.603052
79226,Armstrong,0.239866
79226,Briscoe,0.138482
79226,Hall,0.018600
79227,Foard,0.662716
79227,Knox,0.337284
79229,Dickens,1.000000
79230,Childress,0.669808
79230,Collingsworth,0.330192
79231,Floyd,1.000000
79233,Hall,1.000000
79234,Motley,0.815126
79234,Floyd,0.184874
79235,Floyd,0.880924
79235,Crosby,0.084097
79235,Motley,0.034979
79236,King,0.997808
79236,Dickens,0.002192
79237,Donley,1.000000
79239,Hall,1.000000
79240,Donley,1.000000
79241,Floyd,0.993039
79241,Swisher,0.006961
79243,Dickens,0.656307
79243,Crosby,0.343693
79244,Motley,1.000000
79245,Hall,0.500255
79245,Childress,0.331049
79245,Collingsworth,0.126346
79245,Donley,0.042350
79247,Wilbarger,1.000000
79248,Cottle,0.654107
79248,King,0.211702
79248,Foard,0.106854
79248,Dickens,0.027336
79250,Hale,0.580601
79250,Floyd,0.190187
79250,Lubbock,0.115408
79250,Crosby,0.113805
79251,Collingsworth,1.000000
79252,Hardeman,0.967545
79252,Cottle,0.032455
79255,Briscoe,0.719837
79255,Floyd,0.226005
79255,Motley,0.054158
79256,Motley,0.839234
79256,Dickens,0.160766
79257,Briscoe,0.974205
79257,Swisher,0.025795
79258,Floyd,1.000000
79259,Hall,0.772134
79259,Childress,0.227866
79261,Hall,1.000000
79311,Hale,0.739833
79311,Lubbock,0.260167
79312,Lamb,1.000000
79313,Hockley,0.562485
79313,Lamb,0.428683
79313,Lubbock,0.008832
79314,Cochran,1.000000
79316,Terry,1.000000
79322,Crosby,1.000000
79323,Gaines,0.578934
79323,Yoakum,0.421066
79324,Bailey,0.994308
79324,Lamb,0.005692
79325,Parmer,0.956346
79325,Bailey,0.043654
79326,Lamb,1.000000
79329,Lubbock,1.000000
79330,Garza,1.000000
79331,Dawson,0.775107
79331,Martin,0.153816
79331,Borden,0.040992
79331,Gaines,0.030085
79336,Hockley,0.975581
79336,Cochran,0.024419
79339,Lamb,0.709198
79339,Hockley,0.290802
79342,Gaines,1.000000
79343,Crosby,0.639894
79343,Lubbock,0.360106
79344,Bailey,1.000000
79345,Terry,0.943114
79345,Lynn,0.056886
79346,Cochran,0.935887
79346,Bailey,0.064113
79347,Bailey,0.779082
79347,Parmer,0.151916
79347,Lamb,0.041086
79347,Castro,0.027916
79350,Lubbock,1.000000
79351,Dawson,0.369261
79351,Lynn,0.319383
79351,Borden,0.311357
79353,Hockley,1.000000
79355,Yoakum,1.000000
79356,Garza,0.758202
79356,Crosby,0.154014
79356,Lynn,0.087783
79357,Crosby,1.000000
79358,Hockley,0.864354
79358,Lubbock,0.084849
79358,Terry,0.050798
79359,Gaines,0.609489
79359,Yoakum,0.253033
79359,Terry,0.137478
79360,Gaines,1.000000
79363,Lubbock,0.837522
79363,Hockley,0.162478
79364,Lubbock,0.687196
79364,Lynn,0.170488
79364,Garza,0.089098
79364,Crosby,0.053219
79366,Lubbock,1.000000
79367,Hockley,1.000000
79369,Lamb,1.000000
79370,Dickens,0.618697
79370,Kent,0.195407
79370,Crosby,0.140150
79370,Garza,0.045747
79371,Bailey,0.578227
79371,Lamb,0.421773
79372,Hockley,1.000000
79373,Lynn,1.000000
79376,Yoakum,0.745377
79376,Terry,0.254623
79377,Dawson,1.000000
79378,Terry,1.000000
79379,Cochran,1.000000
79380,Hockley,1.000000
79381,Lynn,1.000000
79382,Lubbock,0.942887
79382,Hockley,0.057113
79383,Lynn,1.000000
79401,Lubbock,1.000000
79402,Lubbock,1.000000
79403,Lubbock,1.000000
79404,Lubbock,1.000000
79406,Lubbock,1.000000
79407,Hockley,0.625150
79407,Lubbock,0.374850
79410,Lubbock,1.000000
79411,Lubbock,1.000000
79412,Lubbock,1.000000
79413,Lubbock,1.000000
79414,Lubbock,1.000000
79415,Lubbock,1.000000
79416,Lubbock,1.000000
79423,Lubbock,0.788645
79423,Lynn,0.211355
79424,Lubbock,1.000000
79501,Jones,1.000000
79502,Stonewall,1.000000
79503,Jones,0.869734
79503,Haskell,0.130266
79504,Callahan,0.943485
79504,Shackelford,0.056515
79505,Knox,1.000000
79506,Nolan,0.741207
79506,Coke,0.258793
79508,Taylor,1.000000
79510,Callahan,0.890300
79510,Coleman,0.109700
79511,Howard,0.732186
79511,Borden,0.267814
79512,Mitchell,0.965851
79512,Scurry,0.034149
79517,Borden,0.730425
79517,Scurry,0.269575
79518,Kent,1.000000
79519,Coleman,0.635456
79519,Runnels,0.308199
79519,Taylor,0.056345
79520,Jones,0.534732
79520,Fisher,0.386500
79520,Stonewall,0.078768
79521,Haskell,0.934957
79521,Throckmorton,0.065043
79525,Jones,1.000000
79526,Scurry,0.920652
79526,Fisher,0.079348
79527,Scurry,0.831690
79527,Borden,0.168310
79528,Kent,0.758622
79528,Stonewall,0.241378
79529,Knox,0.846409
79529,Haskell,0.153591
79530,Taylor,0.673457
79530,Runnels,0.326543
79532,Mitchell,0.918773
79532,Nolan,0.049182
79532,Scurry,0.032045
79533,Shackelford,0.632577
79533,Jones,0.178489
79533,Haskell,0.135321
79533,Throckmorton,0.053614
79534,Fisher,1.000000
79535,Nolan,1.000000
79536,Taylor,0.608829
79536,Jones,0.373379
79536,Nolan,0.017792
79537,Nolan,1.000000
79538,Coleman,0.658545
79538,Runnels,0.341455
79539,Haskell,1.000000
79540,Stonewall,1.000000
79541,Taylor,0.929008
79541,Callahan,0.070992
79543,Fisher,1.000000
79544,Haskell,0.923125
79544,Stonewall,0.076875
79545,Nolan,0.815909
79545,Fisher,0.152677
79545,Scurry,0.031413
79546,Fisher,0.771161
79546,Stonewall,0.190500
79546,Scurry,0.038340
79547,Haskell,0.995305
79547,Stonewall,0.004695
79548,Haskell,1.000000
79549,Scurry,0.603949
79549,Kent,0.386072
79549,Borden,0.009979
79553,Jones,0.622990
79553,Haskell,0.377010
79556,Nolan,0.583382
79556,Fisher,0.416618
79560,Fisher,0.751663
79560,Jones,0.248337
79561,Nolan,0.364162
79561,Fisher,0.360921
79561,Taylor,0.160881
79561,Jones,0.114035
79562,Taylor,1.000000
79563,Taylor,1.000000
79565,Mitchell,1.000000
79566,Taylor,0.679944
79566,Runnels,0.169640
79566,Nolan,0.150416
79567,Runnels,0.941043
79567,Taylor,0.058957
79601,Jones,0.466367
79601,Shackelford,0.236298
79601,Taylor,0.175827
79601,Callahan,0.121508
79602,Taylor,0.772680
79602,Callahan,0.227320
79603,Taylor,1.000000
79605,Taylor,1.000000
79606,Taylor,1.000000
79607,Taylor,1.000000
79699,Taylor,1.000000
79701,Midland,1.000000
79703,Midland,1.000000
79705,Martin,0.513482
79705,Midland,0.486518
79706,Midland,0.930139
79706,Glasscock,0.057694
79706,Upton,0.012167
79707,Midland,1.000000
79713,Martin,0.462043
79713,Dawson,0.219918
79713,Howard,0.216966
79713,Borden,0.101073
79714,Andrews,1.000000
79718,Reeves,1.000000
79719,Ward,1.000000
79720,Howard,0.549924
79720,Glasscock,0.351894
79720,Borden,0.056928
79720,Martin,0.041254
79721,Howard,1.000000
79730,Pecos,1.000000
79731,Crane,1.000000
79733,Howard,1.000000
79734,Jeff Davis,1.000000
79735,Pecos,1.000000
79738,Borden,1.000000
79739,Glasscock,0.913377
79739,Reagan,0.086623
79741,Ector,1.000000
79742,Ward,1.000000
79743,Pecos,1.000000
79744,Crockett,0.513107
79744,Pecos,0.486893
79745,Winkler,1.000000
79748,Howard,0.623775
79748,Martin,0.376225
79749,Martin,1.000000
79752,Upton,0.588775
79752,Pecos,0.216700
79752,Crockett,0.194525
79754,Loving,1.000000
79755,Upton,0.980773
79755,Midland,0.019227
79756,Ward,1.000000
79758,Ector,1.000000
79759,Ector,1.000000
79761,Ector,1.000000
79762,Ector,1.000000
79763,Ector,1.000000
79764,Ector,1.000000
79765,Midland,0.547411
79765,Ector,0.452589
79766,Ector,0.536577
79766,Midland,0.273440
79766,Crane,0.189983
79769,Ector,1.000000
79770,Reeves,1.000000
79772,Reeves,0.986401
79772,Ward,0.013599
79776,Ector,1.000000
79777,Ward,1.000000
79778,Upton,1.000000
79780,Reeves,1.000000
79781,Terrell,0.443499
79781,Crockett,0.420129
79781,Pecos,0.136373
79782,Martin,0.840395
79782,Glasscock,0.089186
79782,Midland,0.070419
79783,Martin,1.000000
79785,Reeves,1.000000
79788,Ward,1.000000
79789,Winkler,1.000000
79821,El Paso,1.000000
79830,Brewster,1.000000
79832,Brewster,1.000000
79834,Brewster,1.000000
79835,El Paso,0.987649
79836,El Paso,1.000000
79837,Hudspeth,0.183152
79838,El Paso,1.000000
79839,Hudspeth,1.000000
79842,Brewster,1.000000
79843,Presidio,1.000000
79845,Presidio,1.000000
79846,Presidio,1.000000
79847,Culberson,0.544276
79847,Hudspeth,0.455724
79848,Terrell,1.000000
79849,El Paso,1.000000
79851,Hudspeth,1.000000
79852,Brewster,1.000000
79853,El Paso,1.000000
79854,Jeff Davis,0.686125
79854,Presidio,0.313875
79855,Culberson,0.723511
79855,Hudspeth,0.276489
79901,El Paso,1.000000
79902,El Paso,1.000000
79903,El Paso,1.000000
79904,El Paso,1.000000
79905,El Paso,1.000000
79906,El Paso,1.000000
79907,El Paso,1.000000
79908,El Paso,1.000000
79911,El Paso,1.000000
79912,El Paso,1.000000
79915,El Paso,1.000000
79916,El Paso,1.000000
79918,El Paso,1.000000
79920,El Paso,1.000000
79922,El Paso,0.829134
79924,El Paso,1.000000
79925,El Paso,1.000000
79927,El Paso,1.000000
79928,El Paso,1.000000
79930,El Paso,1.000000
79932,El Paso,1.000000
79934,El Paso,1.000000
79935,El Paso,1.000000
79936,El Paso,1.000000
79938,El Paso,0.544508
79938,Hudspeth,0.455492
88430,Oldham,0.026518
