market,program_prefix
ARI,ARI_
Allied Trust,Allied_Trust
Chubb,CHUBB_
Centauri,Centauri_
Foremost,Foremost_
HOAIC,HOAIC_
Liberty Mutual / Safeco,Liberty_Mutual_
Mercury,Mercury_
National General,NatGen_
Orion180,Orion_
Progressive / ASI,Progressive_
SageSure Auros,Sage_-_Auros
SageSure Markel,Sage_-_Markel
SageSure Occidental,Sage_-_Occidental
SageSure SURE,Sage_-_SURE
SageSure SafePort,Sage_-_SafePort
SageSure Trium,Sage_-_Trium
SageSure Vave,Sage_-_Vave
SageSure Wilshire,Sage_-_Wilshire
Steadily,Steadily_
Swyfft Benchmark,Swyfft_-_Benchmark
Swyfft Lloyds (Surplus),Swyfft_-_Lloyds
Swyfft Topa (Surplus),Swyfft_-_Topa
TWICO,TWICO_
Travelers,Travelers_
